OTU	ERR0000001	ERR0000002	ERR0000003	classification
llopoda;Cyclopoida;Cyclopidae;Diacyclops;Diacyclops belgicus
ERR2:117430.705411	0	2504	0	Eukaryota;Arthropoda;Insecta;Mecoptera;Panorpidae;Sinopanorpa;Sinopanorpa digitiformis
ERR3:58840.728104	459	352	1121	Eukaryota;Platyhelminthes;Cestoda;Tetraphyllidea;Onchobothriidae;Pachybothrium;Pachybothrium hutsoni
ERR2:28890.729372	4	1808	0	Eukaryota;Arthropoda;Maxillopoda;Calanoida;Tortanidae;Tortanus;Tortanus discaudatus
ERR1:226170.682363	423	220	820	Eukaryota;Chordata;Amphibia;Anura;Hyperoliidae;Hyperolius;Hyperolius ocellatus
ERR1:14470.720447	1419	3	0	Eukaryota;Arthropoda;Maxillopoda;Cyclopoida;Cyclopidae;Diacyclops;Diacyclops belgicus
ERR2:109720.711563	4	1090	0	Eukaryota;Arthropoda;Insecta;Coleoptera;Scirtidae;Pseudomicrocara;Pseudomicrocara anthophilia
ERR3:558600.635907	276	134	483	Eukaryota;Annelida;Polychaeta;Terebellida;Ctenodrilidae;Ctenodrilus;Ctenodrilus serratus
ERR3:135000.688985	178	130	465	Eukaryota;Chordata;Amphibia;Anura;Hyperoliidae;Hyperolius;Hyperolius ocellatus
ERR1:14030.648561	695	1	0	Eukaryota;Arthropoda;Insecta;Diptera;Clusiidae;Clusiodes;Clusiodes verticalis
ERR3:232670.662711	88	84	322	Eukaryota;Chordata;Actinopteri;Anguilliformes;Anguillidae;Anguilla;Anguilla nebulosa
ERR1:268850.657643	90	66	275	Eukaryota;Chordata;Chondrichthyes;Myliobatiformes;Hexatrygonidae;Hexatrygon;Hexatrygon bickelli
ERR1:33720.698316	82	72	148	Eukaryota;Arthropoda;Insecta;Hemiptera;Aphelocheiridae;Aphelocheirus;Aphelocheirus ellipsoideus
ERR2:142870.745691	0	294	0	Eukaryota;Arthropoda;Maxillopoda;Calanoida;Tortanidae;Tortanus;Tortanus discaudatus
ERR2:15910.739861	4	281	0	Eukaryota;Chordata;Testudines;Testudinidae;Testudo;Testudo kleinmanni
ERR3:672790.638138	55	39	187	Eukaryota;Arthropoda;Insecta;Diptera;Drosophilidae;Scaptomyza;Scaptomyza palmae
ERR2:99480.726061	1	216	0	Eukaryota;Arthropoda;Maxillopoda;Calanoida;Tortanidae;Tortanus;Tortanus discaudatus
ERR2:475730.629971	57	41	92	Eukaryota;Arthropoda;Insecta;Lepidoptera;Crambidae;Bradina;Bradina nr. melanoperas WPH-2012
ERR3:62080.615115	42	24	116	Eukaryota;Nematoda;Chromadorea;Rhabditida;Filaroididae;Parafilaroides;Parafilaroides normani
ERR3:529880.602499	33	30	100	Eukaryota;Cnidaria;Anthozoa;Corallimorpharia;Corallimorphidae;Corallimorphus;Corallimorphus profundus
ERR1:169160.697953	52	93	0	Eukaryota;Arthropoda;Insecta;Orthoptera;Tetrigidae;Alulatettix;Alulatettix yunnanensis
ERR2:282450.705603	0	141	0	Eukaryota;Arthropoda;Maxillopoda;Calanoida;Tortanidae;Tortanus;Tortanus discaudatus
ERR1:205770.694229	133	0	0	Eukaryota;Arthropoda;Maxillopoda;Cyclopoida;Cyclopidae;Diacyclops;Diacyclops belgicus
ERR2:140170.733868	0	133	0	Eukaryota;Arthropoda;Insecta;Diptera;Drosophilidae;Scaptomyza;Scaptomyza palmae
ERR2:105640.636670	1	125	0	Eukaryota;Arthropoda;Insecta;Diptera;Drosophilidae;Scaptomyza;Scaptomyza palmae
ERR2:260470.686313	0	123	0	Eukaryota;Arthropoda;Maxillopoda;Calanoida;Tortanidae;Tortanus;Tortanus discaudatus
ERR2:94690.608133	26	21	69	Eukaryota;Chordata;Actinopteri;Pleuronectiformes;Soleidae;Aesopia;Aesopia cornuta
ERR3:343940.600834	23	15	73	Eukaryota;Annelida;Hirudinida;Arhynchobdellida;Haemopidae;Whitmania;Whitmania pigra
ERR1:27350.696321	110	0	0	Eukaryota;Arthropoda;Maxillopoda;Cyclopoida;Cyclopidae;Diacyclops;Diacyclops belgicus
ERR1:221210.677000	31	20	54	Eukaryota;Mollusca;Gastropoda;Bradybaenidae;Dolicheulota;Dolicheulota formosensis
ERR1:9520.650507	14	22	62	Eukaryota;Chordata;Actinopteri;Blenniiformes;Gobiesocidae;Aspasma;Aspasma minima
ERR1:227440.706232	97	0	0	Eukaryota;Arthropoda;Maxillopoda;Cyclopoida;Cyclopidae;Diacyclops;Diacyclops belgicus
ERR2:304760.678404	23	14	60	Eukaryota;Platyhelminthes;Cestoda;Trypanorhyncha;Lacistorhynchidae;Grillotia;Grillotia pristiophori
ERR1:217910.645917	23	13	55	Eukaryota;Arthropoda;Insecta;Diptera;Sciomyzidae;Dictya;Dictya stricta
ERR3:235560.611945	13	13	64	Eukaryota;Arthropoda;Insecta;Coleoptera;Curculionidae;Sphenophorus;Sphenophorus incurrens
ERR2:249990.621924	0	82	0	Eukaryota;Arthropoda;Maxillopoda;Calanoida;Tortanidae;Tortanus;Tortanus discaudatus
ERR2:156950.627558	0	80	0	Eukaryota;Arthropoda;Maxillopoda;Calanoida;Tortanidae;Tortanus;Tortanus discaudatus
ERR1:230880.715924	43	6	25	Eukaryota;Arthropoda;Insecta;Diptera;Clusiidae;Clusiodes;Clusiodes johnsoni
ERR3:198830.667909	0	0	73	Eukaryota;Arthropoda;Insecta;Diptera;Clusiidae;Hendelia;Hendelia gladiator
ERR3:58110.673860	16	15	42	Eukaryota;Chordata;Squamata;Dipsadidae;Thermophis;Thermophis zhaoermii
ERR2:538670.708823	0	70	1	Eukaryota;Arthropoda;Arachnida;Ixodida;Ixodidae;Ixodes;Ixodes ovatus
ERR1:48490.689855	69	0	0	Eukaryota;Arthropoda;Maxillopoda;Cyclopoida;Cyclopidae;Diacyclops;Diacyclops belgicus
ERR1:430120.683047	29	9	28	Eukaryota;Platyhelminthes;Monogenea;Gyrodactylidae;Paragyrodactylus;Paragyrodactylus variegatus
ERR2:50570.660601	14	10	42	Eukaryota;Chordata;Actinopteri;Kurtiformes;Apogonidae;Zapogon;Zapogon evermanni
ERR1:15520.654652	14	15	35	Eukaryota;Platyhelminthes;Cestoda;Tetraphyllidea;Onchobothriidae;Pachybothrium;Pachybothrium hutsoni
ERR1:129120.639330	24	4	35	Eukaryota;Mollusca;Gastropoda;Camaenidae;Camaena;Camaena cicatricosa
ERR3:171620.717843	0	0	60	Eukaryota;Arthropoda;Insecta;Diptera;Agromyzidae;Cerodontha;Cerodontha atronitens
ERR1:509820.683187	7	14	30	Eukaryota;Arthropoda;Insecta;Hemiptera;Cicadidae;Neotibicen;Neotibicen nr. similaris DCM-2015
ERR1:31150.678620	24	5	20	Eukaryota;Chordata;Amphibia;Caudata;Hynobiidae;Hynobius;Hynobius hidamontanus
ERR3:25640.624838	8	10	28	Eukaryota;Arthropoda;Insecta;Diptera;Micropezidae;Grallipeza;Grallipeza vicina
ERR1:30000.631451	45	0	0	Eukaryota;Arthropoda;Maxillopoda;Cyclopoida;Cyclopidae;Diacyclops;Diacyclops belgicus
ERR3:228640.718849	8	8	27	Eukaryota;Mollusca;Bivalvia;Pectinoida;Pectinidae;Mimachlamys;Mimachlamys senatoria
ERR1:146540.696850	13	3	24	Eukaryota;Chordata;Amphibia;Anura;Arthroleptidae;Leptopelis;Leptopelis vermiculatus
ERR3:830490.632563	14	2	23	Eukaryota;Chordata;Actinopteri;Kurtiformes;Apogonidae;Foa;Foa leisi
ERR1:151180.720750	37	0	0	Eukaryota;Arthropoda;Maxillopoda;Cyclopoida;Cyclopidae;Diacyclops;Diacyclops belgicus
ERR3:576360.679252	7	4	26	Eukaryota;Chordata;Amphibia;Anura;Brevicipitidae;Breviceps;Breviceps adspersus
ERR2:252380.698186	0	36	0	Eukaryota;Arthropoda;Maxillopoda;Calanoida;Tortanidae;Tortanus;Tortanus discaudatus
ERR2:340430.693225	0	36	0	Eukaryota;Arthropoda;Maxillopoda;Calanoida;Tortanidae;Tortanus;Tortanus discaudatus
ERR2:38370.691884	0	36	0	Eukaryota;Chordata;Actinopteri;Mugiliformes;Mugilidae;Cestraeus;Cestraeus goldiei
ERR2:20370.737304	0	34	0	Eukaryota;Mollusca;Gastropoda;Helicarionidae;Westracystis;Westracystis lissus
ERR2:366320.720197	9	10	15	Eukaryota;Arthropoda;Insecta;Diptera;Drosophilidae;Scaptomyza;Scaptomyza palmae
ERR1:149600.655300	19	6	8	Eukaryota;Arthropoda;Insecta;Diptera;Clusiidae;Clusiodes;Clusiodes johnsoni
ERR2:103630.728874	0	33	0	Eukaryota;Acanthocephala;Eoacanthocephala;Gyracanthocephala;Quadrigyridae;Pallisentis;Pallisentis celatus
ERR2:158820.661689	4	8	21	Eukaryota;Platyhelminthes;Cestoda;Tetrabothriidea;Tetrabothriidae;Tetrabothrius;Tetrabothrius erostris
ERR2:196210.711664	2	31	0	Eukaryota;Arthropoda;Insecta;Coleoptera;Curculionidae;Chlorophanus;Chlorophanus sibiricus
ERR2:589400.705225	10	8	15	Eukaryota;Arthropoda;Maxillopoda;Calanoida;Tortanidae;Tortanus;Tortanus discaudatus
ERR1:112300.714138	32	0	0	Eukaryota;Arthropoda;Insecta;Diptera;Simuliidae;Simulium;Simulium brevipar
ERR2:270990.719918	6	5	21	Eukaryota;Chordata;Amphibia;Anura;Hyperoliidae;Hyperolius;Hyperolius ocellatus
ERR1:332360.704869	5	9	17	Eukaryota;Arthropoda;Maxillopoda;Cyclopoida;Cyclopidae;Diacyclops;Diacyclops belgicus
ERR2:277880.611584	4	4	22	Eukaryota;Arthropoda;Arachnida;Ixodida;Ixodidae;Amblyomma;Amblyomma elaphense
ERR1:249700.623124	24	5	0	Eukaryota;Chordata;Amphibia;Anura;Hyperoliidae;Hyperolius;Hyperolius ocellatus
ERR1:96210.718909	29	0	0	Eukaryota;Arthropoda;Maxillopoda;Cyclopoida;Cyclopidae;Diacyclops;Diacyclops belgicus
ERR2:240870.724728	0	29	0	Eukaryota;Arthropoda;Insecta;Mecoptera;Panorpidae;Sinopanorpa;Sinopanorpa digitiformis
ERR3:39270.604701	0	0	28	Eukaryota;Arthropoda;Insecta;Orthoptera;Tetrigidae;Alulatettix;Alulatettix yunnanensis
ERR2:110650.626305	0	27	0	Eukaryota;Arthropoda;Insecta;Coleoptera;Scirtidae;Pseudomicrocara;Pseudomicrocara anthophilia
ERR2:260700.711133	0	25	0	Eukaryota;Arthropoda;Insecta;Diptera;Agromyzidae;Aulagromyza;Aulagromyza luteoscutellata
ERR2:95350.713365	0	25	0	Eukaryota;Arthropoda;Insecta;Coleoptera;Chrysomelidae;Mimosestes;Mimosestes acaciestes
ERR1:293050.631983	3	3	18	Eukaryota;Arthropoda;Insecta;Hemiptera;Mesoveliidae;Mesovelia;Mesovelia amoena
ERR1:383500.653029	23	0	0	Eukaryota;Arthropoda;Maxillopoda;Cyclopoida;Cyclopidae;Diacyclops;Diacyclops belgicus
ERR1:212850.731823	21	0	0	Eukaryota;Arthropoda;Maxillopoda;Cyclopoida;Cyclopidae;Diacyclops;Diacyclops belgicus
ERR1:227020.608401	5	4	12	Eukaryota;Porifera;Demospongiae;Verongida;Aplysinidae;Aplysina;Aplysina cauliformis
ERR2:249350.612194	0	21	0	Eukaryota;Arthropoda;Maxillopoda;Calanoida;Tortanidae;Tortanus;Tortanus discaudatus
ERR2:38510.733966	0	21	0	Eukaryota;Arthropoda;Maxillopoda;Calanoida;Tortanidae;Tortanus;Tortanus discaudatus
ERR2:58370.740819	0	20	1	Eukaryota;Arthropoda;Insecta;Diptera;Drosophilidae;Scaptomyza;Scaptomyza palmae
ERR3:129530.725983	4	1	16	Eukaryota;Platyhelminthes;Monogenea;Gyrodactylidae;Gyrodactylus;Gyrodactylus derjavini
ERR1:107480.734180	20	0	0	Eukaryota;Arthropoda;Maxillopoda;Cyclopoida;Cyclopidae;Diacyclops;Diacyclops belgicus
ERR2:107180.710805	0	20	0	Eukaryota;Arthropoda;Insecta;Mecoptera;Panorpidae;Sinopanorpa;Sinopanorpa digitiformis
ERR2:126280.725337	0	20	0	Eukaryota;Arthropoda;Insecta;Diptera;Drosophilidae;Scaptomyza;Scaptomyza palmae
ERR2:19130.666786	0	20	0	Eukaryota;Arthropoda;Maxillopoda;Calanoida;Tortanidae;Tortanus;Tortanus discaudatus
ERR2:96280.615287	0	20	0	Eukaryota;Arthropoda;Maxillopoda;Calanoida;Tortanidae;Tortanus;Tortanus discaudatus
ERR3:1020180.696086	0	0	20	Eukaryota;Arthropoda;Insecta;Diptera;Agromyzidae;Cerodontha;Cerodontha atronitens
ERR3:1050440.709228	0	0	20	Eukaryota;Arthropoda;Insecta;Diptera;Drosophilidae;Drosophila;Drosophila setula
ERR3:727140.716930	0	0	20	Eukaryota;Arthropoda;Insecta;Diptera;Drosophilidae;Scaptomyza;Scaptomyza palmae
ERR3:998550.622839	6	4	10	Eukaryota;Arthropoda;Insecta;Hymenoptera;Agaonidae;Pleistodontes;Pleistodontes plebejus
ERR1:175570.713430	19	0	0	Eukaryota;Arthropoda;Maxillopoda;Cyclopoida;Cyclopidae;Diacyclops;Diacyclops belgicus
ERR1:216740.682977	2	5	12	Eukaryota;Cnidaria;Multivalvulida;Kudoidae;Kudoa;Kudoa hexapunctata
ERR2:121470.698112	0	19	0	Eukaryota;Arthropoda;Maxillopoda;Calanoida;Tortanidae;Tortanus;Tortanus discaudatus
ERR2:172900.606797	0	19	0	Eukaryota;Arthropoda;Insecta;Diptera;Drosophilidae;Scaptomyza;Scaptomyza palmae
ERR3:1020260.708463	0	0	19	Eukaryota;Arthropoda;Insecta;Coleoptera;Cerambycidae;Phaea;Phaea maryannae
ERR1:228310.736389	18	0	0	Eukaryota;Arthropoda;Insecta;Diptera;Drosophilidae;Scaptomyza;Scaptomyza palmae
ERR2:516250.603927	6	3	9	Eukaryota;Arthropoda;Insecta;Coleoptera;Chrysomelidae;Bruchidius;Bruchidius siliquastri
ERR1:351640.628199	2	3	12	Eukaryota;Arthropoda;Maxillopoda;Cyclopoida;Cyclopidae;Diacyclops;Diacyclops belgicus
ERR2:35130.718538	0	17	0	Eukaryota;Arthropoda;Insecta;Coleoptera;Chrysomelidae;Mimosestes;Mimosestes acaciestes
ERR2:51150.735524	0	17	0	Eukaryota;Arthropoda;Maxillopoda;Calanoida;Tortanidae;Tortanus;Tortanus discaudatus
ERR1:104670.680472	4	12	0	Eukaryota;Arthropoda;Insecta;Coleoptera;Scirtidae;Pseudomicrocara;Pseudomicrocara anthophilia
ERR1:43890.697803	1	15	0	Eukaryota;Arthropoda;Insecta;Diptera;Empididae;Rhamphomyia;Rhamphomyia umbripennis
ERR1:80810.727426	16	0	0	Eukaryota;Arthropoda;Maxillopoda;Cyclopoida;Cyclopidae;Diacyclops;Diacyclops belgicus
ERR2:164690.700988	0	16	0	Eukaryota;Arthropoda;Maxillopoda;Calanoida;Tortanidae;Tortanus;Tortanus discaudatus
ERR2:18550.704365	0	16	0	Eukaryota;Arthropoda;Maxillopoda;Calanoida;Tortanidae;Tortanus;Tortanus discaudatus
ERR2:62360.735779	0	16	0	Eukaryota;Arthropoda;Maxillopoda;Calanoida;Tortanidae;Tortanus;Tortanus discaudatus
ERR2:77890.735864	0	16	0	Eukaryota;Arthropoda;Maxillopoda;Calanoida;Tortanidae;Tortanus;Tortanus discaudatus
ERR3:19390.715234	0	0	16	Eukaryota;Arthropoda;Insecta;Diptera;Drosophilidae;Pseudostegana;Pseudostegana angustifasciata
ERR3:28420.718772	0	0	16	Eukaryota;Arthropoda;Insecta;Diptera;Drosophilidae;Scaptomyza;Scaptomyza palmae
ERR2:281890.612915	3	4	8	Eukaryota;Arthropoda;Collembola;Entomobryidae;Seira;Seira dowlingi
ERR3:1015740.694320	0	0	15	Eukaryota;Arthropoda;Insecta;Diptera;Sarcophagidae;Amobia;Amobia erythrura
ERR3:1105700.630656	0	0	15	Eukaryota;Arthropoda;Insecta;Diptera;Clusiidae;Hendelia;Hendelia gladiator
ERR3:81010.665628	1	0	14	Eukaryota;Arthropoda;Insecta;Hemiptera;Psyllidae;Cacopsylla;Cacopsylla coccinea
ERR2:206260.727642	0	14	0	Eukaryota;Acanthocephala;Archiacanthocephala;Oligacanthorhynchida;Oligacanthorhynchidae;Macracanthorhynchus;Macracanthorhynchus hirudinaceus
ERR2:504070.706268	0	14	0	Eukaryota;Arthropoda;Insecta;Diptera;Drosophilidae;Scaptomyza;Scaptomyza palmae
ERR2:73480.749251	6	8	0	Eukaryota;Arthropoda;Maxillopoda;Calanoida;Tortanidae;Tortanus;Tortanus discaudatus
ERR2:92020.723116	0	14	0	Eukaryota;Arthropoda;Maxillopoda;Calanoida;Tortanidae;Tortanus;Tortanus discaudatus
ERR3:1024270.655909	0	0	14	Eukaryota;Arthropoda;Insecta;Diptera;Simuliidae;Simulium;Simulium brevipar
ERR1:132250.611981	6	0	7	Eukaryota;Mollusca;Gastropoda;Calyptraeidae;Crepidula;Crepidula norrisiarum
ERR1:145940.661264	9	4	0	Eukaryota;Arthropoda;Insecta;Coleoptera;Buprestidae;Ectinogonia;Ectinogonia intermedia
ERR2:232170.734549	1	12	0	Eukaryota;Arthropoda;Insecta;Diptera;Micropezidae;Hemichaeta;Hemichaeta scutellata
ERR2:387120.684437	0	13	0	Eukaryota;Arthropoda;Maxillopoda;Calanoida;Tortanidae;Tortanus;Tortanus discaudatus
ERR2:471400.730431	0	13	0	Eukaryota;Chordata;Mammalia;Primates;Pitheciidae;Callicebus;Callicebus lugens
ERR3:1230960.699224	0	0	13	Eukaryota;Arthropoda;Maxillopoda;Calanoida;Tortanidae;Tortanus;Tortanus discaudatus
ERR1:35500.642980	12	0	0	Eukaryota;Platyhelminthes;Trematoda;Plagiorchiida;Paramphistomidae;Calicophoron;Calicophoron microbothrioides
ERR1:83070.708974	12	0	0	Eukaryota;Arthropoda;Insecta;Lepidoptera;Saturniidae;Pseudautomeris;Pseudautomeris nr. erubescens BOLD:AAB9701
ERR2:152740.730297	0	12	0	Eukaryota;Arthropoda;Insecta;Diptera;Drosophilidae;Pseudostegana;Pseudostegana angustifasciata
ERR2:233370.664583	0	11	1	Eukaryota;Nematoda;Chromadorea;Rhabditida;Filaroididae;Parafilaroides;Parafilaroides normani
ERR2:453990.722179	2	5	5	Eukaryota;Arthropoda;Insecta;Coleoptera;Cantharidae;Malthodes;Malthodes mysticus
ERR2:496130.606994	6	1	5	Eukaryota;Arthropoda;Maxillopoda;Cyclopoida;Cyclopidae;Diacyclops;Diacyclops belgicus
ERR2:496580.636168	2	1	9	Eukaryota;Porifera;Demospongiae;Halichondrida;Axinellidae;Ptilocaulis;Ptilocaulis walpersi
ERR2:50840.698579	0	12	0	Eukaryota;Arthropoda;Insecta;Diptera;Culicidae;Anopheles;Anopheles lutzii s. l. 1 RS16
ERR3:1054600.698289	0	0	12	Eukaryota;Chordata;Actinopteri;Ophidiiformes;Bythitidae;Diplacanthopoma;Diplacanthopoma brachysoma
ERR1:102850.715572	11	0	0	Eukaryota;Arthropoda;Insecta;Diptera;Drosophilidae;Scaptomyza;Scaptomyza palmae
ERR1:111430.616104	11	0	0	Eukaryota;Arthropoda;Maxillopoda;Calanoida;Tortanidae;Tortanus;Tortanus discaudatus
ERR1:155230.697690	11	0	0	Eukaryota;Arthropoda;Branchiopoda;Diplostraca;Chydoridae;Pseudochydorus;Pseudochydorus globosus
ERR1:172680.600946	11	0	0	Eukaryota;Chordata;Amphibia;Anura;Hyperoliidae;Hyperolius;Hyperolius ocellatus
ERR1:21000.692791	11	0	0	Eukaryota;Arthropoda;Maxillopoda;Cyclopoida;Cyclopidae;Diacyclops;Diacyclops belgicus
ERR1:212870.666006	11	0	0	Eukaryota;Arthropoda;Insecta;Diptera;Clusiidae;Clusiodes;Clusiodes verticalis
ERR1:261270.739240	7	2	2	Eukaryota;Arthropoda;Maxillopoda;Cyclopoida;Cyclopidae;Diacyclops;Diacyclops belgicus
ERR1:278010.694575	11	0	0	Eukaryota;Arthropoda;Maxillopoda;Cyclopoida;Cyclopidae;Diacyclops;Diacyclops belgicus
ERR1:64100.661183	11	0	0	Eukaryota;Arthropoda;Maxillopoda;Cyclopoida;Cyclopidae;Diacyclops;Diacyclops belgicus
ERR2:166960.660588	0	11	0	Eukaryota;Arthropoda;Maxillopoda;Cyclopoida;Cyclopidae;Diacyclops;Diacyclops belgicus
ERR2:282730.724132	1	10	0	Eukaryota;Arthropoda;Insecta;Hemiptera;Cicadidae;Pauropsalta;Pauropsalta herveyensis (nomen nudum)
ERR2:335710.710600	5	6	0	Eukaryota;Arthropoda;Maxillopoda;Cyclopoida;Cyclopidae;Diacyclops;Diacyclops belgicus
ERR2:372970.628899	0	2	9	Eukaryota;Arthropoda;Maxillopoda;Cyclopoida;Cyclopidae;Diacyclops;Diacyclops belgicus
ERR3:1005830.707080	0	0	11	Eukaryota;Arthropoda;Insecta;Coleoptera;Scirtidae;Pseudomicrocara;Pseudomicrocara anthophilia
ERR3:1124720.715954	0	0	11	Eukaryota;Arthropoda;Insecta;Hemiptera;Anthocoridae;Anthocoris;Anthocoris dividens
ERR1:12250.673170	5	1	4	Eukaryota;Mollusca;Gastropoda;Bradybaenidae;Pseudobuliminus;Pseudobuliminus subcylindricus
ERR1:12470.741437	10	0	0	Eukaryota;Platyhelminthes;Trematoda;Echinostomida;Notocotylidae;Ogmocotyle;Ogmocotyle sikae
ERR1:612110.716322	10	0	0	Eukaryota;Arthropoda;Insecta;Diptera;Chironomidae;Polypedilum;Polypedilum quadriguttatum
ERR1:75800.655327	10	0	0	Eukaryota;Arthropoda;Insecta;Diptera;Drosophilidae;Scaptomyza;Scaptomyza palmae
ERR2:133660.608245	2	3	5	Eukaryota;Chordata;Amphibia;Anura;Hyperoliidae;Hyperolius;Hyperolius ocellatus
ERR2:259600.722260	0	10	0	Eukaryota;Chordata;Squamata;Dipsadidae;Hypsiglena;Hypsiglena jani
ERR2:45900.677755	0	10	0	Eukaryota;Arthropoda;Maxillopoda;Cyclopoida;Cyclopidae;Diacyclops;Diacyclops belgicus
ERR3:1251900.694293	0	2	8	Eukaryota;Chordata;Actinopteri;Salmoniformes;Salmonidae;Oncorhynchus mykiss x Salmo salar
ERR3:159010.724114	0	0	10	Eukaryota;Arthropoda;Maxillopoda;Cyclopoida;Cyclopidae;Diacyclops;Diacyclops belgicus
ERR1:115790.659648	9	0	0	Eukaryota;Arthropoda;Maxillopoda;Cyclopoida;Cyclopidae;Diacyclops;Diacyclops belgicus
ERR1:176500.659726	7	1	1	Eukaryota;Arthropoda;Maxillopoda;Calanoida;Tortanidae;Tortanus;Tortanus discaudatus
ERR1:23540.670974	5	0	4	Eukaryota;Chordata;Chondrichthyes;Myliobatiformes;Hexatrygonidae;Hexatrygon;Hexatrygon bickelli
ERR1:376720.729244	9	0	0	Eukaryota;Arthropoda;Maxillopoda;Calanoida;Tortanidae;Tortanus;Tortanus discaudatus
ERR1:53650.728400	9	0	0	Eukaryota;Arthropoda;Insecta;Diptera;Drosophilidae;Scaptomyza;Scaptomyza palmae
ERR1:93700.745573	9	0	0	Eukaryota;Arthropoda;Insecta;Diptera;Drosophilidae;Scaptomyza;Scaptomyza palmae
ERR2:134710.680240	0	9	0	Eukaryota;Platyhelminthes;Cestoda;Tetraphyllidea;Onchobothriidae;Pachybothrium;Pachybothrium hutsoni
ERR2:146910.709019	0	9	0	Eukaryota;Arthropoda;Insecta;Diptera;Chironomidae;Dicrotendipes;Dicrotendipes pulsus
ERR2:156250.630441	0	9	0	Eukaryota;Platyhelminthes;Cestoda;Tetrabothriidea;Tetrabothriidae;Tetrabothrius;Tetrabothrius erostris
ERR2:222110.648902	2	7	0	Eukaryota;Arthropoda;Insecta;Diptera;Syrphidae;Microdon;Microdon analis
ERR2:30950.737880	0	9	0	Eukaryota;Platyhelminthes;Cestoda;Tetraphyllidea;Onchobothriidae;Pachybothrium;Pachybothrium hutsoni
ERR2:358850.735858	0	9	0	Eukaryota;Arthropoda;Insecta;Trichoptera;Hydropsychidae;Hydropsyche;Hydropsyche yenisar
ERR2:399430.623394	0	3	6	Eukaryota;Arthropoda;Maxillopoda;Cyclopoida;Cyclopidae;Diacyclops;Diacyclops belgicus
ERR2:530.751729	1	8	0	Eukaryota;Arthropoda;Maxillopoda;Cyclopoida;Cyclopidae;Diacyclops;Diacyclops belgicus
ERR2:53180.721749	0	9	0	Eukaryota;Arthropoda;Maxillopoda;Calanoida;Tortanidae;Tortanus;Tortanus discaudatus
ERR2:537570.686530	0	9	0	Eukaryota;Arthropoda;Insecta;Diptera;Chironomidae;Chaetocladius;Chaetocladius dissipatus
ERR2:62560.729801	0	9	0	Eukaryota;Arthropoda;Malacostraca;Isopoda;Cylisticus;Cylisticus convexus
ERR3:1017670.702898	0	0	9	Eukaryota;Arthropoda;Maxillopoda;Calanoida;Tortanidae;Tortanus;Tortanus discaudatus
ERR3:1032490.697510	0	0	9	Eukaryota;Arthropoda;Insecta;Trichoptera;Leptoceridae;Triplectides;Triplectides tigrinus
ERR3:1092440.719396	0	0	9	Eukaryota;Arthropoda;Maxillopoda;Calanoida;Tortanidae;Tortanus;Tortanus discaudatus
ERR3:136860.668323	3	1	5	Eukaryota;Arthropoda;Insecta;Diptera;Drosophilidae;Leucophenga;Leucophenga angusta
ERR1:12620.690423	8	0	0	Eukaryota;Arthropoda;Insecta;Diptera;Drosophilidae;Scaptomyza;Scaptomyza palmae
ERR1:154670.700616	8	0	0	Eukaryota;Arthropoda;Insecta;Diptera;Drosophilidae;Scaptomyza;Scaptomyza palmae
ERR1:211980.738335	3	5	0	Eukaryota;Arthropoda;Insecta;Diptera;Clusiidae;Hendelia;Hendelia gladiator
ERR1:253690.700354	1	1	6	Eukaryota;Arthropoda;Insecta;Diptera;Drosophilidae;Scaptomyza;Scaptomyza palmae
ERR1:281490.730015	2	1	5	Eukaryota;Arthropoda;Maxillopoda;Cyclopoida;Cyclopidae;Diacyclops;Diacyclops belgicus
ERR1:460290.689734	1	2	5	Eukaryota;Arthropoda;Maxillopoda;Cyclopoida;Cyclopidae;Diacyclops;Diacyclops belgicus
ERR1:52370.695918	8	0	0	Eukaryota;Arthropoda;Insecta;Diptera;Dolichopodidae;Campsicnemus;Campsicnemus marginatus
ERR1:61110.635410	8	0	0	Eukaryota;Arthropoda;Insecta;Coleoptera;Cerambycidae;Olenecamptus;Olenecamptus cretaceus
ERR1:69550.724851	8	0	0	Eukaryota;Arthropoda;Insecta;Hymenoptera;Agaonidae;Blastophaga;Blastophaga intermedia
ERR2:11880.639695	0	8	0	Eukaryota;Arthropoda;Maxillopoda;Cyclopoida;Cyclopidae;Diacyclops;Diacyclops belgicus
ERR2:130900.695981	0	8	0	Eukaryota;Arthropoda;Maxillopoda;Cyclopoida;Cyclopidae;Diacyclops;Diacyclops belgicus
ERR2:181020.719707	0	8	0	Eukaryota;Arthropoda;Maxillopoda;Cyclopoida;Cyclopidae;Diacyclops;Diacyclops belgicus
ERR2:186840.655844	0	8	0	Eukaryota;Arthropoda;Insecta;Diptera;Drosophilidae;Scaptomyza;Scaptomyza palmae
ERR2:208440.697410	0	8	0	Eukaryota;Arthropoda;Maxillopoda;Calanoida;Pontellidae;Pontellopsis;Pontellopsis tenuicauda
ERR2:383630.698713	0	8	0	Eukaryota;Arthropoda;Maxillopoda;Calanoida;Tortanidae;Tortanus;Tortanus discaudatus
ERR2:454950.718282	0	8	0	Eukaryota;Arthropoda;Maxillopoda;Calanoida;Tortanidae;Tortanus;Tortanus discaudatus
ERR2:76330.720941	0	8	0	Eukaryota;Arthropoda;Insecta;Diptera;Drosophilidae;Drosophila;Drosophila pullipes
ERR2:83160.746512	0	8	0	Eukaryota;Arthropoda;Maxillopoda;Calanoida;Tortanidae;Tortanus;Tortanus discaudatus
ERR2:86610.724602	0	8	0	Eukaryota;Arthropoda;Insecta;Mecoptera;Panorpidae;Sinopanorpa;Sinopanorpa nangongshana
ERR3:1000.718559	0	0	8	Eukaryota;Arthropoda;Insecta;Diptera;Agromyzidae;Aulagromyza;Aulagromyza luteoscutellata
ERR3:1010860.679626	0	0	8	Eukaryota;Arthropoda;Maxillopoda;Calanoida;Tortanidae;Tortanus;Tortanus discaudatus
ERR3:1013680.699344	0	0	8	Eukaryota;Arthropoda;Insecta;Diptera;Agromyzidae;Aulagromyza;Aulagromyza luteoscutellata
ERR3:1034850.708667	0	0	8	Eukaryota;Arthropoda;Insecta;Diptera;Sarcophagidae;Amobia;Amobia erythrura
ERR3:1164020.706925	0	0	8	Eukaryota;Arthropoda;Insecta;Diptera;Agromyzidae;Cerodontha;Cerodontha atronitens
ERR3:1198470.664614	0	0	8	Eukaryota;Arthropoda;Insecta;Diptera;Culicidae;Anopheles;Anopheles quadrimaculatus A
ERR3:392130.642101	0	0	8	Eukaryota;Arthropoda;Insecta;Diptera;Culicidae;Anopheles;Anopheles quadrimaculatus A
ERR3:571280.694687	0	0	8	Eukaryota;Arthropoda;Malacostraca;Decapoda;Alpheidae;Alpheus;Alpheus lobidens
ERR3:714170.703035	0	0	8	Eukaryota;Arthropoda;Insecta;Diptera;Drosophilidae;Stegana;Stegana singularis
ERR1:147710.656395	1	4	2	Eukaryota;Arthropoda;Branchiopoda;Diplostraca;Chydoridae;Pseudochydorus;Pseudochydorus globosus
ERR1:192340.719485	7	0	0	Eukaryota;Arthropoda;Insecta;Hemiptera;Aphelocheiridae;Aphelocheirus;Aphelocheirus ellipsoideus
ERR1:208090.712925	7	0	0	Eukaryota;Arthropoda;Insecta;Diptera;Sarcophagidae;Amobia;Amobia erythrura
ERR1:258430.696018	7	0	0	Eukaryota;Arthropoda;Insecta;Coleoptera;Cantharidae;Malthodes;Malthodes mysticus
ERR1:284590.636632	1	1	5	Eukaryota;Arthropoda;Maxillopoda;Cyclopoida;Cyclopidae;Diacyclops;Diacyclops belgicus
ERR1:39120.672270	1	0	6	Eukaryota;Arthropoda;Maxillopoda;Cyclopoida;Cyclopidae;Diacyclops;Diacyclops belgicus
ERR1:3960.736644	7	0	0	Eukaryota;Arthropoda;Insecta;Hymenoptera;Halictidae;Lasioglossum;Lasioglossum convexum
ERR1:615150.634763	2	0	5	Eukaryota;Mollusca;Bivalvia;Nuculoida;Nuculidae;Ennucula;Ennucula granulosa
ERR1:64800.687536	7	0	0	Eukaryota;Arthropoda;Maxillopoda;Cyclopoida;Cyclopidae;Diacyclops;Diacyclops belgicus
ERR1:70320.670080	7	0	0	Eukaryota;Chordata;Chondrichthyes;Myliobatiformes;Hexatrygonidae;Hexatrygon;Hexatrygon bickelli
ERR1:714800.727138	1	6	0	Eukaryota;Chordata;Mammalia;Carnivora;Felidae;Felis;Felis margarita
ERR2:113100.648002	0	7	0	Eukaryota;Arthropoda;Maxillopoda;Cyclopoida;Cyclopidae;Diacyclops;Diacyclops belgicus
ERR2:130530.725831	0	7	0	Eukaryota;Chordata;Amphibia;Anura;Dicroglossidae;Quasipaa;Quasipaa yei
ERR2:141520.697963	0	7	0	Eukaryota;Arthropoda;Maxillopoda;Cyclopoida;Cyclopidae;Diacyclops;Diacyclops belgicus
ERR2:196630.740994	0	7	0	Eukaryota;Arthropoda;Insecta;Diptera;Drosophilidae;Scaptomyza;Scaptomyza palmae
ERR2:224700.715181	0	7	0	Eukaryota;Arthropoda;Malacostraca;Isopoda;Cylisticus;Cylisticus convexus
ERR2:258030.727289	0	7	0	Eukaryota;Arthropoda;Maxillopoda;Calanoida;Tortanidae;Tortanus;Tortanus discaudatus
ERR2:30470.684888	0	7	0	Eukaryota;Arthropoda;Insecta;Coleoptera;Scirtidae;Pseudomicrocara;Pseudomicrocara anthophilia
ERR2:317420.739714	0	7	0	Eukaryota;Arthropoda;Insecta;Hemiptera;Cicadidae;Popplepsalta (nomen nudum);Popplepsalta aeroides (nomen nudum)
ERR2:370640.735961	0	7	0	Eukaryota;Arthropoda;Insecta;Diptera;Drosophilidae;Scaptomyza;Scaptomyza palmae
ERR2:424380.619642	0	3	4	Eukaryota;Arthropoda;Maxillopoda;Calanoida;Tortanidae;Tortanus;Tortanus discaudatus
ERR3:1028250.717826	0	0	7	Eukaryota;Arthropoda;Insecta;Diptera;Drosophilidae;Scaptomyza;Scaptomyza palmae
ERR3:103190.678412	0	0	7	Eukaryota;Arthropoda;Maxillopoda;Calanoida;Tortanidae;Tortanus;Tortanus discaudatus
ERR3:1048120.703862	0	0	7	Eukaryota;Arthropoda;Insecta;Diptera;Drosophilidae;Scaptomyza;Scaptomyza palmae
ERR3:1106310.708501	0	0	7	Eukaryota;Arthropoda;Insecta;Lepidoptera;Prodoxidae;Prodoxus;Prodoxus atascosanellus
ERR3:1184670.704523	0	0	7	Eukaryota;Chordata;Actinopteri;Anguilliformes;Anguillidae;Anguilla;Anguilla obscura
ERR3:1193100.700281	0	0	7	Eukaryota;Arthropoda;Insecta;Diptera;Sarcophagidae;Amobia;Amobia erythrura
ERR3:1211990.736263	0	0	7	Eukaryota;Arthropoda;Malacostraca;Decapoda;Alpheidae;Alpheus;Alpheus distinguendus
ERR3:1236040.692142	0	0	7	Eukaryota;Arthropoda;Insecta;Diptera;Agromyzidae;Cerodontha;Cerodontha atronitens
ERR3:1240750.661420	0	0	7	Eukaryota;Arthropoda;Insecta;Diptera;Sarcophagidae;Amobia;Amobia erythrura
ERR3:1273680.721682	0	0	7	Eukaryota;Arthropoda;Branchiopoda;Diplostraca;Chydoridae;Pseudochydorus;Pseudochydorus globosus
ERR3:131830.710575	0	0	7	Eukaryota;Arthropoda;Insecta;Diptera;Culicidae;Anopheles;Anopheles lutzii s. l. 1 RS16
ERR3:134980.694753	2	0	5	Eukaryota;Arthropoda;Insecta;Diptera;Agromyzidae;Phytomyza;Phytomyza aquilegioides
ERR3:767030.711697	0	0	7	Eukaryota;Arthropoda;Branchiopoda;Diplostraca;Chydoridae;Pseudochydorus;Pseudochydorus globosus
ERR1:110200.631590	3	1	2	Eukaryota;Arthropoda;Insecta;Coleoptera;Chrysomelidae;Bruchidius;Bruchidius siliquastri
ERR1:117140.609367	3	0	3	Eukaryota;Arthropoda;Insecta;Diptera;Sarcophagidae;Amobia;Amobia erythrura
ERR1:161970.728252	6	0	0	Eukaryota;Arthropoda;Insecta;Diptera;Drosophilidae;Drosophila;Drosophila setula
ERR1:18040.735926	6	0	0	Eukaryota;Chordata;Actinopteri;Pomacanthidae;Holacanthus;Holacanthus africanus
ERR1:206060.617581	2	1	3	Eukaryota;Arthropoda;Branchiopoda;Diplostraca;Chydoridae;Pseudochydorus;Pseudochydorus globosus
ERR1:232890.654511	6	0	0	Eukaryota;Chordata;Aves;Passeriformes;Sturnidae;Spreo;Spreo bicolor
ERR1:27250.629044	5	1	0	Eukaryota;Echinodermata;Ophiuroidea;Euryalida;Gorgonocephalidae;Astrospartus;Astrospartus mediterraneus
ERR1:401920.722796	3	1	2	Eukaryota;Arthropoda;Maxillopoda;Cyclopoida;Cyclopidae;Diacyclops;Diacyclops belgicus
ERR1:450940.609513	2	1	3	Eukaryota;Arthropoda;Insecta;Trichoptera;Hydropsychidae;Hydropsyche;Hydropsyche yenisar
ERR1:452030.747260	1	2	3	Eukaryota;Arthropoda;Insecta;Coleoptera;Dytiscidae;Bidessonotus;Bidessonotus inconspicuus
ERR1:660740.679009	1	3	2	Eukaryota;Arthropoda;Insecta;Orthoptera;Tetrigidae;Alulatettix;Alulatettix yunnanensis
ERR1:661920.686815	2	2	2	Eukaryota;Arthropoda;Insecta;Coleoptera;Carabidae;Carabus;Carabus sternbergi
ERR1:77840.699393	6	0	0	Eukaryota;Chordata;Mammalia;Lagomorpha;Leporidae;Lepus;Lepus othus
ERR1:89000.686568	6	0	0	Eukaryota;Arthropoda;Insecta;Hymenoptera;Bethylidae;Cephalonomia;Cephalonomia gallicola
ERR2:106380.723457	0	6	0	Eukaryota;Platyhelminthes;Cestoda;Tetraphyllidea;Onchobothriidae;Pachybothrium;Pachybothrium hutsoni
ERR2:12350.735527	0	6	0	Eukaryota;Chordata;Amphibia;Anura;Arthroleptidae;Cardioglossa;Cardioglossa leucomystax
ERR2:124830.725155	0	6	0	Eukaryota;Cnidaria;Multivalvulida;Kudoidae;Kudoa;Kudoa hexapunctata
ERR2:133290.740346	0	6	0	Eukaryota;Chordata;Squamata;Viperidae;Gloydius;Gloydius intermedius
ERR2:164570.727314	0	6	0	Eukaryota;Arthropoda;Maxillopoda;Cyclopoida;Cyclopidae;Diacyclops;Diacyclops belgicus
ERR2:19320.717987	0	6	0	Eukaryota;Arthropoda;Maxillopoda;Cyclopoida;Cyclopidae;Diacyclops;Diacyclops belgicus
ERR2:209430.726869	0	6	0	Eukaryota;Arthropoda;Insecta;Coleoptera;Dytiscidae;Hydaticus;Hydaticus arcuatus
ERR2:219280.706510	0	6	0	Eukaryota;Arthropoda;Insecta;Lepidoptera;Prodoxidae;Prodoxus;Prodoxus atascosanellus
ERR2:255200.719975	1	5	0	Eukaryota;Arthropoda;Insecta;Diptera;Chironomidae;Trissopelopia;Trissopelopia longimana
ERR2:31470.718592	0	6	0	Eukaryota;Arthropoda;Maxillopoda;Calanoida;Tortanidae;Tortanus;Tortanus discaudatus
ERR2:37750.726258	0	6	0	Eukaryota;Arthropoda;Insecta;Coleoptera;Scirtidae;Pseudomicrocara;Pseudomicrocara anthophilia
ERR2:413010.731296	0	6	0	Eukaryota;Arthropoda;Insecta;Coleoptera;Scirtidae;Pseudomicrocara;Pseudomicrocara anthophilia
ERR2:448140.698562	0	6	0	Eukaryota;Arthropoda;Insecta;Diptera;Drosophilidae;Drosophila;Drosophila frotapessoai
ERR2:642310.660751	0	2	4	Eukaryota;Arthropoda;Maxillopoda;Calanoida;Tortanidae;Tortanus;Tortanus discaudatus
ERR2:725200.602236	0	1	5	Eukaryota;Arthropoda;Maxillopoda;Calanoida;Tortanidae;Tortanus;Tortanus discaudatus
ERR3:1060060.715751	0	0	6	Eukaryota;Arthropoda;Insecta;Trichoptera;Hydroptilidae;Nothotrichia;Nothotrichia cautinensis
ERR3:1083530.711258	0	0	6	Eukaryota;Arthropoda;Insecta;Diptera;Drosophilidae;Scaptomyza;Scaptomyza palmae
ERR3:1106390.714838	0	0	6	Eukaryota;Arthropoda;Insecta;Diptera;Drosophilidae;Scaptomyza;Scaptomyza palmae
ERR3:1129290.711301	0	0	6	Eukaryota;Arthropoda;Insecta;Diptera;Agromyzidae;Chromatomyia;Chromatomyia aprilina
ERR3:1189360.745186	0	0	6	Eukaryota;Platyhelminthes;Cestoda;Nippotaeniidea;Nippotaeniidae;Nippotaenia;Nippotaenia chaenogobii
ERR3:1240490.711378	0	0	6	Eukaryota;Chordata;Actinopteri;Centrarchiformes;Percichthyidae;Percilia;Percilia irwini
ERR3:1305720.731540	0	0	6	Eukaryota;Arthropoda;Insecta;Diptera;Drosophilidae;Scaptomyza;Scaptomyza palmae
ERR3:1361670.736904	0	0	6	Eukaryota;Arthropoda;Insecta;Diptera;Sarcophagidae;Amobia;Amobia erythrura
ERR3:154110.616555	0	2	4	Eukaryota;Arthropoda;Insecta;Diptera;Culicidae;Anopheles;Anopheles quadrimaculatus A
ERR3:2000.607653	0	0	6	Eukaryota;Arthropoda;Insecta;Diptera;Drosophilidae;Scaptomyza;Scaptomyza palmae
ERR3:46770.713239	0	0	6	Eukaryota;Arthropoda;Insecta;Diptera;Agromyzidae;Cerodontha;Cerodontha atronitens
ERR3:607050.721641	0	2	4	Eukaryota;Arthropoda;Insecta;Diptera;Chironomidae;Polypedilum;Polypedilum quadriguttatum
ERR3:75730.731887	0	0	6	Eukaryota;Arthropoda;Insecta;Diptera;Hybotidae;Platypalpus;Platypalpus vegetus
ERR1:10290.708173	5	0	0	Eukaryota;Arthropoda;Insecta;Diptera;Chironomidae;Orthocladius;Orthocladius telochaetus
ERR1:106820.686606	2	0	3	Eukaryota;Arthropoda;Insecta;Diptera;Sarcophagidae;Sarcophaga;Sarcophaga crassimargo
ERR1:10880.682800	5	0	0	Eukaryota;Annelida;Polychaeta;Orbiniidae;Orbinia;Orbinia latreillii
ERR1:111340.711106	5	0	0	Eukaryota;Chordata;Actinopteri;Atheriniformes;Isonidae;Iso;Iso hawaiiensis
ERR1:111410.615327	5	0	0	Eukaryota;Arthropoda;Maxillopoda;Cyclopoida;Cyclopidae;Diacyclops;Diacyclops belgicus
ERR1:123090.719531	5	0	0	Eukaryota;Echinodermata;Ophiuroidea;Euryalida;Asteroschematidae;Squamophis;Squamophis amamiensis
ERR1:142690.698211	5	0	0	Eukaryota;Arthropoda;Maxillopoda;Cyclopoida;Cyclopidae;Diacyclops;Diacyclops belgicus
ERR1:180560.701458	2	3	0	Eukaryota;Arthropoda;Maxillopoda;Cyclopoida;Cyclopidae;Diacyclops;Diacyclops belgicus
ERR1:189660.703086	5	0	0	Eukaryota;Arthropoda;Maxillopoda;Cyclopoida;Cyclopidae;Diacyclops;Diacyclops belgicus
ERR1:193030.702187	2	3	0	Eukaryota;Arthropoda;Maxillopoda;Cyclopoida;Cyclopidae;Diacyclops;Diacyclops belgicus
ERR1:202300.635801	1	1	3	Eukaryota;Arthropoda;Maxillopoda;Cyclopoida;Cyclopidae;Diacyclops;Diacyclops belgicus
ERR1:210630.704951	4	1	0	Eukaryota;Arthropoda;Insecta;Hemiptera;Notonectidae;Enithares;Enithares tibialis
ERR1:260740.730962	5	0	0	Eukaryota;Arthropoda;Maxillopoda;Cyclopoida;Cyclopidae;Diacyclops;Diacyclops belgicus
ERR1:263390.735200	5	0	0	Eukaryota;Arthropoda;Insecta;Hemiptera;Cicadidae;Tettigettacula;Tettigettacula baenai
ERR1:319430.622544	2	0	3	Eukaryota;Platyhelminthes;Trematoda;Plagiorchiida;Paramphistomidae;Paramphistomum;Paramphistomum cervi
ERR1:341130.645831	1	4	0	Eukaryota;Arthropoda;Maxillopoda;Cyclopoida;Cyclopidae;Diacyclops;Diacyclops belgicus
ERR1:342840.733468	5	0	0	Eukaryota;Arthropoda;Maxillopoda;Cyclopoida;Cyclopidae;Diacyclops;Diacyclops belgicus
ERR1:373060.718226	5	0	0	Eukaryota;Echinodermata;Ophiuroidea;Ophiurida;Ophiuridae;Ophiura;Ophiura lutkeni
ERR1:390230.726489	5	0	0	Eukaryota;Arthropoda;Insecta;Trichoptera;Hydropsychidae;Hydropsyche;Hydropsyche yenisar
ERR1:41550.707334	5	0	0	Eukaryota;Arthropoda;Maxillopoda;Cyclopoida;Cyclopidae;Diacyclops;Diacyclops belgicus
ERR1:42620.733889	5	0	0	Eukaryota;Arthropoda;Maxillopoda;Cyclopoida;Cyclopidae;Diacyclops;Diacyclops belgicus
ERR1:427800.717326	1	0	4	Eukaryota;Arthropoda;Maxillopoda;Cyclopoida;Cyclopidae;Diacyclops;Diacyclops belgicus
ERR1:439940.674088	2	0	3	Eukaryota;Arthropoda;Maxillopoda;Cyclopoida;Cyclopidae;Diacyclops;Diacyclops belgicus
ERR1:504100.636619	3	0	2	Eukaryota;Arthropoda;Maxillopoda;Cyclopoida;Cyclopidae;Diacyclops;Diacyclops belgicus
ERR1:594550.691392	1	0	4	Eukaryota;Arthropoda;Malacostraca;Decapoda;Petrolisthes;Petrolisthes haswelli
ERR1:597820.645890	2	0	3	Eukaryota;Chordata;Mammalia;Insectivora;Soricidae;Crocidura;Crocidura mindorus
ERR1:62120.694186	5	0	0	Eukaryota;Chordata;Actinopteri;Aulopiformes;Aulopidae;Hime;Hime japonica
ERR2:1020.705750	1	4	0	Eukaryota;Arthropoda;Maxillopoda;Cyclopoida;Cyclopidae;Diacyclops;Diacyclops belgicus
ERR2:103900.736105	0	5	0	Eukaryota;Chordata;Chondrichthyes;Orectolobiformes;Orectolobidae;Orectolobus;Orectolobus japonicus
ERR2:105890.678898	0	3	2	Eukaryota;Arthropoda;Insecta;Diptera;Drosophilidae;Scaptomyza;Scaptomyza palmae
ERR2:120330.705570	0	5	0	Eukaryota;Chordata;Chondrichthyes;Myliobatiformes;Dasyatidae;Himantura;Himantura microphthalma
ERR2:12450.684126	0	2	3	Eukaryota;Arthropoda;Insecta;Diptera;Drosophilidae;Drosophila;Drosophila rubida
ERR2:131930.731912	0	5	0	Eukaryota;Arthropoda;Insecta;Hymenoptera;Agaonidae;Blastophaga;Blastophaga intermedia
ERR2:167250.659013	1	4	0	Eukaryota;Arthropoda;Maxillopoda;Calanoida;Tortanidae;Tortanus;Tortanus discaudatus
ERR2:185090.726218	0	5	0	Eukaryota;Chordata;Mammalia;Rodentia;Dipodidae;Jaculus;Jaculus jaculus
ERR2:185250.734797	0	5	0	Eukaryota;Arthropoda;Insecta;Diptera;Chironomidae;Chaetocladius;Chaetocladius dissipatus
ERR2:197830.735470	0	5	0	Eukaryota;Arthropoda;Maxillopoda;Calanoida;Tortanidae;Tortanus;Tortanus discaudatus
ERR2:207770.644841	0	5	0	Eukaryota;Arthropoda;Insecta;Diptera;Chironomidae;Stempellinella;Stempellinella tamaseptima
ERR2:210570.723871	0	5	0	Eukaryota;Chordata;Mammalia;Rodentia;Dipodidae;Jaculus;Jaculus jaculus
ERR2:21780.725430	0	5	0	Eukaryota;Arthropoda;Insecta;Diptera;Drosophilidae;Scaptomyza;Scaptomyza palmae
ERR2:23760.724685	0	5	0	Eukaryota;Mollusca;Gastropoda;Cerithiopsidae;Seila;Seila morishimai
ERR2:239270.736717	0	5	0	Eukaryota;Arthropoda;Maxillopoda;Calanoida;Tortanidae;Tortanus;Tortanus discaudatus
ERR2:283730.747158	0	5	0	Eukaryota;Mollusca;Gastropoda;Cerithiopsidae;Seila;Seila morishimai
ERR2:295970.661172	0	3	2	Eukaryota;Arthropoda;Insecta;Coleoptera;Chrysomelidae;Mimosestes;Mimosestes viduatus
ERR2:303410.630886	1	3	1	Eukaryota;Arthropoda;Arachnida;Ixodida;Ixodidae;Haemaphysalis;Haemaphysalis hystricis
ERR2:30880.706897	0	5	0	Eukaryota;Platyhelminthes;Cestoda;Tetrabothriidea;Tetrabothriidae;Tetrabothrius;Tetrabothrius erostris
ERR2:308960.735743	0	5	0	Eukaryota;Arthropoda;Insecta;Coleoptera;Scirtidae;Pseudomicrocara;Pseudomicrocara anthophilia
ERR2:385940.739404	0	5	0	Eukaryota;Arthropoda;Maxillopoda;Calanoida;Tortanidae;Tortanus;Tortanus discaudatus
ERR2:450440.730255	0	5	0	Eukaryota;Arthropoda;Maxillopoda;Calanoida;Tortanidae;Tortanus;Tortanus discaudatus
ERR2:47270.697344	0	5	0	Eukaryota;Arthropoda;Maxillopoda;Calanoida;Tortanidae;Tortanus;Tortanus discaudatus
ERR2:74280.726704	0	5	0	Eukaryota;Arthropoda;Maxillopoda;Calanoida;Tortanidae;Tortanus;Tortanus discaudatus
ERR2:76090.712635	0	5	0	Eukaryota;Arthropoda;Insecta;Lepidoptera;Prodoxidae;Lampronia;Lampronia rubiella
ERR2:84750.682915	0	1	4	Eukaryota;Arthropoda;Maxillopoda;Calanoida;Tortanidae;Tortanus;Tortanus discaudatus
ERR3:1005530.619322	0	0	5	Eukaryota;Mollusca;Gastropoda;Cerithiopsidae;Seila;Seila morishimai
ERR3:1007070.712119	0	0	5	Eukaryota;Acanthocephala;Eoacanthocephala;Gyracanthocephala;Quadrigyridae;Pallisentis;Pallisentis celatus
ERR3:1037120.666133	0	0	5	Eukaryota;Cnidaria;Hydrozoa;Limnomedusae;Olindiasidae;Cubaia;Cubaia aphrodite
ERR3:1069580.707671	0	0	5	Eukaryota;Arthropoda;Insecta;Diptera;Agromyzidae;Phytomyza;Phytomyza aquilegioides
ERR3:1079550.667459	0	0	5	Eukaryota;Arthropoda;Insecta;Diptera;Clusiidae;Hendelia;Hendelia gladiator
ERR3:1088920.714806	0	0	5	Eukaryota;Arthropoda;Branchiopoda;Diplostraca;Chydoridae;Pseudochydorus;Pseudochydorus globosus
ERR3:1095340.667522	0	0	5	Eukaryota;Arthropoda;Malacostraca;Decapoda;Thalassinidae;Thalassina;Thalassina kelanang
ERR3:1099720.710725	0	0	5	Eukaryota;Arthropoda;Insecta;Diptera;Drosophilidae;Pseudostegana;Pseudostegana angustifasciata
ERR3:1108640.702065	0	0	5	Eukaryota;Platyhelminthes;Cestoda;Cyclophyllidea;Taeniidae;Hydatigera;Hydatigera krepkogorski
ERR3:1135990.656391	0	0	5	Eukaryota;Arthropoda;Insecta;Diptera;Drosophilidae;Scaptomyza;Scaptomyza palmae
ERR3:1139870.696462	0	0	5	Eukaryota;Arthropoda;Insecta;Diptera;Drosophilidae;Scaptomyza;Scaptomyza palmae
ERR3:1144530.682580	0	0	5	Eukaryota;Chordata;Mammalia;Primates;Cercopithecidae;Rhinopithecus;Rhinopithecus bieti 1 RL-2012
ERR3:1166800.687918	0	0	5	Eukaryota;Arthropoda;Insecta;Diptera;Chironomidae;Orthocladius;Orthocladius telochaetus
ERR3:1223110.703965	0	0	5	Eukaryota;Arthropoda;Insecta;Diptera;Drosophilidae;Scaptomyza;Scaptomyza palmae
ERR3:1274040.707029	0	0	5	Eukaryota;Chordata;Mammalia;Rodentia;Dipodidae;Jaculus;Jaculus jaculus
ERR3:1306930.634376	0	0	5	Eukaryota;Arthropoda;Insecta;Diptera;Drosophilidae;Scaptomyza;Scaptomyza palmae
ERR3:1309210.653730	0	0	5	Eukaryota;Arthropoda;Branchiopoda;Diplostraca;Chydoridae;Pseudochydorus;Pseudochydorus globosus
ERR3:1334790.688085	0	0	5	Eukaryota;Arthropoda;Insecta;Orthoptera;Tettigoniidae;Eupholidoptera;Eupholidoptera uvarovi
ERR3:1361830.708539	0	1	4	Eukaryota;Arthropoda;Insecta;Diptera;Drosophilidae;Scaptomyza;Scaptomyza palmae
ERR3:16720.747821	0	0	5	Eukaryota;Arthropoda;Insecta;Diptera;Drosophilidae;Scaptomyza;Scaptomyza palmae
ERR3:170490.696317	0	0	5	Eukaryota;Chordata;Amphibia;Caudata;Plethodontidae;Batrachoseps;Batrachoseps wrighti
ERR3:248270.704171	0	0	5	Eukaryota;Arthropoda;Branchiopoda;Diplostraca;Chydoridae;Pseudochydorus;Pseudochydorus globosus
ERR3:256030.657673	0	0	5	Eukaryota;Arthropoda;Insecta;Diptera;Agromyzidae;Cerodontha;Cerodontha atronitens
ERR3:574590.676313	0	0	5	Eukaryota;Chordata;Mammalia;Primates;Cercopithecidae;Trachypithecus;Trachypithecus germaini
ERR3:79140.722616	0	0	5	Eukaryota;Arthropoda;Insecta;Diptera;Culicidae;Anopheles;Anopheles nimbus
ERR1:102300.726086	4	0	0	Eukaryota;Annelida;Hirudinida;Arhynchobdellida;Haemopidae;Whitmania;Whitmania pigra
ERR1:107540.714366	4	0	0	Eukaryota;Chordata;Actinopteri;Anguilliformes;Anguillidae;Anguilla;Anguilla nebulosa
ERR1:113090.647532	4	0	0	Eukaryota;Chordata;Squamata;Dipsadidae;Hypsiglena;Hypsiglena torquata
ERR1:119540.619196	2	0	2	Eukaryota;Arthropoda;Branchiopoda;Diplostraca;Chydoridae;Pseudochydorus;Pseudochydorus globosus
ERR1:120130.698844	1	3	0	Eukaryota;Arthropoda;Maxillopoda;Cyclopoida;Cyclopidae;Diacyclops;Diacyclops belgicus
ERR1:123800.725487	4	0	0	Eukaryota;Arthropoda;Maxillopoda;Cyclopoida;Cyclopidae;Diacyclops;Diacyclops belgicus
ERR1:125430.735741	3	1	0	Eukaryota;Arthropoda;Maxillopoda;Cyclopoida;Cyclopidae;Diacyclops;Diacyclops belgicus
ERR1:142670.726569	4	0	0	Eukaryota;Cnidaria;Anthozoa;Antipatharia;Antipathidae;Stichopathes;Stichopathes lutkeni
ERR1:146080.606280	2	2	0	Eukaryota;Arthropoda;Insecta;Diptera;Simuliidae;Simulium;Simulium brevipar
ERR1:147100.666522	3	0	1	Eukaryota;Arthropoda;Maxillopoda;Cyclopoida;Cyclopidae;Diacyclops;Diacyclops belgicus
ERR1:15620.703465	4	0	0	Eukaryota;Arthropoda;Insecta;Diptera;Micropezidae;Grallipeza;Grallipeza vicina
ERR1:15950.606054	4	0	0	Eukaryota;Arthropoda;Maxillopoda;Cyclopoida;Cyclopidae;Diacyclops;Diacyclops belgicus
ERR1:15960.692247	4	0	0	Eukaryota;Chordata;Mammalia;Insectivora;Soricidae;Crocidura;Crocidura mindorus
ERR1:16080.724332	4	0	0	Eukaryota;Chordata;Actinopteri;Cypriniformes;Cyprinidae;Gobiobotia;Gobiobotia intermedia
ERR1:16190.737447	4	0	0	Eukaryota;Arthropoda;Insecta;Diptera;Agromyzidae;Metopomyza;Metopomyza flavonotata
ERR1:202490.633903	1	0	3	Eukaryota;Arthropoda;Maxillopoda;Cyclopoida;Cyclopidae;Diacyclops;Diacyclops belgicus
ERR1:21150.671757	3	1	0	Eukaryota;Arthropoda;Insecta;Diptera;Clusiidae;Clusiodes;Clusiodes verticalis
ERR1:212860.705194	4	0	0	Eukaryota;Arthropoda;Maxillopoda;Cyclopoida;Cyclopidae;Diacyclops;Diacyclops belgicus
ERR1:214520.617568	2	0	2	Eukaryota;Arthropoda;Maxillopoda;Cyclopoida;Cyclopidae;Diacyclops;Diacyclops belgicus
ERR1:22330.640967	4	0	0	Eukaryota;Arthropoda;Maxillopoda;Cyclopoida;Cyclopidae;Diacyclops;Diacyclops belgicus
ERR1:242510.618130	4	0	0	Eukaryota;Arthropoda;Insecta;Hemiptera;Hydrometridae;Hydrometra;Hydrometra greeni
ERR1:250700.711709	4	0	0	Eukaryota;Arthropoda;Insecta;Diptera;Deuterophlebiidae;Deuterophlebia;Deuterophlebia coloradensis
ERR1:255990.684122	4	0	0	Eukaryota;Arthropoda;Maxillopoda;Cyclopoida;Cyclopidae;Diacyclops;Diacyclops belgicus
ERR1:286860.615839	3	1	0	Eukaryota;Arthropoda;Insecta;Hemiptera;Cicadidae;Nanopsalta;Nanopsalta basalis
ERR1:295200.625581	2	2	0	Eukaryota;Arthropoda;Insecta;Diptera;Clusiidae;Clusiodes;Clusiodes verticalis
ERR1:318530.664374	4	0	0	Eukaryota;Platyhelminthes;Cestoda;Tetrabothriidea;Tetrabothriidae;Tetrabothrius;Tetrabothrius erostris
ERR1:326730.644216	3	1	0	Eukaryota;Arthropoda;Maxillopoda;Cyclopoida;Cyclopidae;Diacyclops;Diacyclops belgicus
ERR1:351600.685890	2	0	2	Eukaryota;Arthropoda;Maxillopoda;Cyclopoida;Cyclopidae;Diacyclops;Diacyclops belgicus
ERR1:374670.658693	2	0	2	Eukaryota;Platyhelminthes;Cestoda;Tetrabothriidea;Tetrabothriidae;Tetrabothrius;Tetrabothrius erostris
ERR1:381980.721910	4	0	0	Eukaryota;Arthropoda;Insecta;Trichoptera;Hydropsychidae;Hydropsyche;Hydropsyche yenisar
ERR1:386300.601434	1	0	3	Eukaryota;Mollusca;Gastropoda;Diplommatinidae;Diplommatina;Diplommatina prava
ERR1:395710.614885	4	0	0	Eukaryota;Arthropoda;Insecta;Coleoptera;Curculionidae;Chlorophanus;Chlorophanus sibiricus
ERR1:399670.712692	4	0	0	Eukaryota;Arthropoda;Insecta;Hemiptera;Cicadidae;Pauropsalta;Pauropsalta herveyensis (nomen nudum)
ERR1:437710.702213	1	3	0	Eukaryota;Nematoda;Chromadorea;Rhabditida;Filaroididae;Parafilaroides;Parafilaroides normani
ERR1:438220.691085	4	0	0	Eukaryota;Arthropoda;Insecta;Diptera;Simuliidae;Simulium;Simulium anatinum
ERR1:46880.621801	2	2	0	Eukaryota;Echinodermata;Ophiuroidea;Euryalida;Euryalidae;Sthenocephalus;Sthenocephalus anopla
ERR1:472910.712284	4	0	0	Eukaryota;Arthropoda;Insecta;Diptera;Drosophilidae;Drosophila;Drosophila medioimpressa
ERR1:505720.719646	4	0	0	Eukaryota;Arthropoda;Maxillopoda;Cyclopoida;Cyclopidae;Diacyclops;Diacyclops belgicus
ERR1:522900.690954	4	0	0	Eukaryota;Arthropoda;Insecta;Diptera;Simuliidae;Simulium;Simulium brevipar
ERR1:531660.695808	1	0	3	Eukaryota;Arthropoda;Maxillopoda;Cyclopoida;Cyclopidae;Diacyclops;Diacyclops belgicus
ERR1:619530.720556	1	1	2	Eukaryota;Arthropoda;Insecta;Diptera;Micropezidae;Grallipeza;Grallipeza vicina
ERR1:633990.697137	1	0	3	Eukaryota;Arthropoda;Maxillopoda;Cyclopoida;Cyclopidae;Diacyclops;Diacyclops belgicus
ERR1:650880.606146	1	1	2	Eukaryota;Arthropoda;Insecta;Coleoptera;Lampyridae;Brachylampis;Brachylampis blaisdelli
ERR1:684310.621990	1	0	3	Eukaryota;Arthropoda;Maxillopoda;Cyclopoida;Cyclopidae;Diacyclops;Diacyclops belgicus
ERR1:70660.714265	4	0	0	Eukaryota;Arthropoda;Maxillopoda;Cyclopoida;Cyclopidae;Diacyclops;Diacyclops belgicus
ERR1:83040.733969	4	0	0	Eukaryota;Arthropoda;Insecta;Diptera;Drosophilidae;Scaptomyza;Scaptomyza palmae
ERR2:100290.713480	0	4	0	Eukaryota;Cnidaria;Anthozoa;Antipatharia;Antipathidae;Stichopathes;Stichopathes lutkeni
ERR2:107030.708795	0	4	0	Eukaryota;Acanthocephala;Eoacanthocephala;Gyracanthocephala;Quadrigyridae;Pallisentis;Pallisentis celatus
ERR2:116800.635600	0	4	0	Eukaryota;Chordata;Testudines;Chelidae;Phrynops;Phrynops hilarii
ERR2:120640.681360	0	4	0	Eukaryota;Arthropoda;Maxillopoda;Porocephalida;Armilliferidae;Armillifer;Armillifer armillatus
ERR2:120760.726949	0	4	0	Eukaryota;Platyhelminthes;Monogenea;Gyrodactylidae;Paragyrodactylus;Paragyrodactylus variegatus
ERR2:124060.725752	0	4	0	Eukaryota;Chordata;Mammalia;Primates;Atelidae;Alouatta;Alouatta caraya
ERR2:130850.689674	0	4	0	Eukaryota;Arthropoda;Maxillopoda;Cyclopoida;Cyclopidae;Diacyclops;Diacyclops belgicus
ERR2:133820.732049	0	4	0	Eukaryota;Arthropoda;Maxillopoda;Cyclopoida;Cyclopidae;Diacyclops;Diacyclops belgicus
ERR2:135270.632495	0	4	0	Eukaryota;Arthropoda;Insecta;Diptera;Drosophilidae;Stegana;Stegana singularis
ERR2:14000.624712	0	4	0	Eukaryota;Arthropoda;Insecta;Diptera;Drosophilidae;Drosophila;Drosophila frotapessoai
ERR2:141470.627058	0	1	3	Eukaryota;Arthropoda;Maxillopoda;Calanoida;Tortanidae;Tortanus;Tortanus discaudatus
ERR2:144950.614611	0	4	0	Eukaryota;Arthropoda;Insecta;Diptera;Tabanidae;Chrysops;Chrysops carbonarius
ERR2:145410.713784	0	4	0	Eukaryota;Arthropoda;Insecta;Diptera;Drosophilidae;Scaptomyza;Scaptomyza palmae
ERR2:172430.730236	0	4	0	Eukaryota;Arthropoda;Insecta;Diptera;Drosophilidae;Scaptomyza;Scaptomyza palmae
ERR2:177830.626693	0	4	0	Eukaryota;Arthropoda;Maxillopoda;Calanoida;Tortanidae;Tortanus;Tortanus discaudatus
ERR2:182120.735568	0	4	0	Eukaryota;Arthropoda;Insecta;Trichoptera;Philopotamidae;Chimarra;Chimarra veveensis
ERR2:193750.719898	0	4	0	Eukaryota;Arthropoda;Insecta;Mecoptera;Panorpidae;Sinopanorpa;Sinopanorpa digitiformis
ERR2:206770.698758	0	4	0	Eukaryota;Arthropoda;Insecta;Diptera;Drosophilidae;Drosophila;Drosophila latifshahi
ERR2:207100.726270	0	4	0	Eukaryota;Arthropoda;Insecta;Coleoptera;Scarabaeidae;Phyllophaga;Phyllophaga pearliae
ERR2:216450.721504	0	4	0	Eukaryota;Arthropoda;Insecta;Diptera;Drosophilidae;Scaptomyza;Scaptomyza palmae
ERR2:216990.742942	0	4	0	Eukaryota;Arthropoda;Insecta;Diptera;Agromyzidae;Aulagromyza;Aulagromyza luteoscutellata
ERR2:229160.711209	0	4	0	Eukaryota;Arthropoda;Insecta;Diptera;Drosophilidae;Scaptomyza;Scaptomyza palmae
ERR2:253710.697859	0	4	0	Eukaryota;Arthropoda;Insecta;Diptera;Agromyzidae;Aulagromyza;Aulagromyza luteoscutellata
ERR2:254690.702554	0	4	0	Eukaryota;Arthropoda;Maxillopoda;Calanoida;Tortanidae;Tortanus;Tortanus discaudatus
ERR2:255710.731031	0	4	0	Eukaryota;Arthropoda;Insecta;Diptera;Drosophilidae;Scaptomyza;Scaptomyza palmae
ERR2:256690.722075	0	4	0	Eukaryota;Arthropoda;Insecta;Orthoptera;Tetrigidae;Alulatettix;Alulatettix yunnanensis
ERR2:262720.604343	0	4	0	Eukaryota;Arthropoda;Insecta;Trichoptera;Hydropsychidae;Hydropsyche;Hydropsyche yenisar
ERR2:303850.718835	0	4	0	Eukaryota;Arthropoda;Maxillopoda;Calanoida;Tortanidae;Tortanus;Tortanus discaudatus
ERR2:334960.738138	0	4	0	Eukaryota;Mollusca;Gastropoda;Calyptraeidae;Crepidula;Crepidula norrisiarum
ERR2:347030.742428	0	4	0	Eukaryota;Arthropoda;Insecta;Diptera;Drosophilidae;Drosophila;Drosophila mediopicta
ERR2:367790.727013	0	4	0	Eukaryota;Arthropoda;Maxillopoda;Calanoida;Tortanidae;Tortanus;Tortanus discaudatus
ERR2:369600.728419	0	4	0	Eukaryota;Arthropoda;Maxillopoda;Calanoida;Tortanidae;Tortanus;Tortanus discaudatus
ERR2:388800.741607	0	4	0	Eukaryota;Arthropoda;Maxillopoda;Calanoida;Tortanidae;Tortanus;Tortanus discaudatus
ERR2:428040.740848	0	4	0	Eukaryota;Arthropoda;Maxillopoda;Calanoida;Tortanidae;Tortanus;Tortanus discaudatus
ERR2:429040.640647	0	4	0	Eukaryota;Arthropoda;Insecta;Diptera;Drosophilidae;Drosophila;Drosophila hamifera
ERR2:435430.607533	0	4	0	Eukaryota;Arthropoda;Insecta;Diptera;Drosophilidae;Scaptomyza;Scaptomyza palmae
ERR2:447480.738108	0	4	0	Eukaryota;Arthropoda;Maxillopoda;Calanoida;Euchaetidae;Paraeuchaeta;Paraeuchaeta rubra
ERR2:476710.690969	0	4	0	Eukaryota;Mollusca;Gastropoda;Cerithiopsidae;Seila;Seila morishimai
ERR2:505770.729351	0	4	0	Eukaryota;Arthropoda;Insecta;Coleoptera;Scirtidae;Pseudomicrocara;Pseudomicrocara anthophilia
ERR2:543040.708925	0	4	0	Eukaryota;Arthropoda;Insecta;Diptera;Drosophilidae;Scaptomyza;Scaptomyza palmae
ERR2:565580.735225	0	4	0	Eukaryota;Arthropoda;Insecta;Mecoptera;Panorpidae;Sinopanorpa;Sinopanorpa digitiformis
ERR2:621380.737836	0	4	0	Eukaryota;Arthropoda;Insecta;Diptera;Drosophilidae;Scaptomyza;Scaptomyza palmae
ERR2:679550.650278	0	1	3	Eukaryota;Arthropoda;Insecta;Diptera;Clusiidae;Clusiodes;Clusiodes johnsoni
ERR2:701830.696722	0	4	0	Eukaryota;Arthropoda;Maxillopoda;Calanoida;Tortanidae;Tortanus;Tortanus discaudatus
ERR2:70640.701031	0	4	0	Eukaryota;Arthropoda;Maxillopoda;Calanoida;Tortanidae;Tortanus;Tortanus discaudatus
ERR2:94640.722587	0	4	0	Eukaryota;Arthropoda;Insecta;Coleoptera;Chrysomelidae;Bruchidius;Bruchidius siliquastri
ERR2:96840.696181	0	4	0	Eukaryota;Arthropoda;Insecta;Diptera;Agromyzidae;Aulagromyza;Aulagromyza luteoscutellata
ERR3:1000450.701676	0	0	4	Eukaryota;Arthropoda;Maxillopoda;Calanoida;Tortanidae;Tortanus;Tortanus discaudatus
ERR3:1005160.694130	0	0	4	Eukaryota;Arthropoda;Insecta;Diptera;Agromyzidae;Aulagromyza;Aulagromyza luteoscutellata
ERR3:1008370.712206	0	0	4	Eukaryota;Arthropoda;Insecta;Diptera;Drosophilidae;Scaptomyza;Scaptomyza palmae
ERR3:1047200.712870	0	0	4	Eukaryota;Arthropoda;Insecta;Mecoptera;Bittacidae;Bittacus;Bittacus sinensis
ERR3:1051720.620541	0	1	3	Eukaryota;Arthropoda;Maxillopoda;Calanoida;Tortanidae;Tortanus;Tortanus discaudatus
ERR3:1053660.719287	0	0	4	Eukaryota;Nematoda;Chromadorea;Spirurida;Onchocercidae;Onchocerca;Onchocerca flexuosa
ERR3:1055280.677722	0	0	4	Eukaryota;Arthropoda;Insecta;Diptera;Drosophilidae;Scaptomyza;Scaptomyza palmae
ERR3:1056300.710075	0	0	4	Eukaryota;Arthropoda;Maxillopoda;Calanoida;Tortanidae;Tortanus;Tortanus discaudatus
ERR3:1064000.666166	0	0	4	Eukaryota;Arthropoda;Insecta;Diptera;Drosophilidae;Scaptomyza;Scaptomyza palmae
ERR3:1067810.715780	0	0	4	Eukaryota;Arthropoda;Branchiopoda;Diplostraca;Chydoridae;Pseudochydorus;Pseudochydorus globosus
ERR3:1069010.648633	0	0	4	Eukaryota;Arthropoda;Branchiopoda;Diplostraca;Chydoridae;Pseudochydorus;Pseudochydorus globosus
ERR3:1079490.670236	0	0	4	Eukaryota;Arthropoda;Insecta;Diptera;Drosophilidae;Scaptomyza;Scaptomyza palmae
ERR3:1082490.686433	0	0	4	Eukaryota;Arthropoda;Arachnida;Ixodida;Ixodidae;Haemaphysalis;Haemaphysalis parva
ERR3:1087720.704540	0	0	4	Eukaryota;Arthropoda;Insecta;Diptera;Hybotidae;Platypalpus;Platypalpus luteus
ERR3:108850.711137	0	0	4	Eukaryota;Platyhelminthes;Cestoda;Cyclophyllidea;Taeniidae;Hydatigera;Hydatigera krepkogorski
ERR3:1089080.715695	0	0	4	Eukaryota;Arthropoda;Insecta;Diptera;Drosophilidae;Scaptomyza;Scaptomyza palmae
ERR3:1092630.671210	0	0	4	Eukaryota;Arthropoda;Branchiopoda;Diplostraca;Chydoridae;Pseudochydorus;Pseudochydorus globosus
ERR3:1096680.708193	0	0	4	Eukaryota;Arthropoda;Branchiopoda;Diplostraca;Chydoridae;Pseudochydorus;Pseudochydorus globosus
ERR3:1106230.739905	0	0	4	Eukaryota;Arthropoda;Insecta;Diptera;Drosophilidae;Stegana;Stegana singularis
ERR3:1127440.713495	0	0	4	Eukaryota;Platyhelminthes;Cestoda;Cyclophyllidea;Taeniidae;Hydatigera;Hydatigera krepkogorski
ERR3:1141560.696909	0	0	4	Eukaryota;Arthropoda;Insecta;Diptera;Chironomidae;Polypedilum;Polypedilum quadriguttatum
ERR3:1147420.617126	0	0	4	Eukaryota;Arthropoda;Insecta;Diptera;Agromyzidae;Cerodontha;Cerodontha atronitens
ERR3:1191680.726784	0	0	4	Eukaryota;Arthropoda;Insecta;Diptera;Culicidae;Anopheles;Anopheles lutzii s. l. 1 RS16
ERR3:1195930.727236	0	0	4	Eukaryota;Arthropoda;Insecta;Diptera;Drosophilidae;Scaptomyza;Scaptomyza palmae
ERR3:1198100.698502	0	0	4	Eukaryota;Arthropoda;Insecta;Lepidoptera;Tortricidae;Argyrotaenia;Argyrotaenia kimballi
ERR3:1203010.688954	0	0	4	Eukaryota;Arthropoda;Insecta;Diptera;Drosophilidae;Stegana;Stegana singularis
ERR3:1209720.720552	0	0	4	Eukaryota;Arthropoda;Insecta;Diptera;Agromyzidae;Cerodontha;Cerodontha atronitens
ERR3:1214020.666477	0	0	4	Eukaryota;Arthropoda;Insecta;Diptera;Chironomidae;Polypedilum;Polypedilum quadriguttatum
ERR3:1223650.711215	0	0	4	Eukaryota;Arthropoda;Malacostraca;Decapoda;Alpheidae;Alpheus;Alpheus lobidens
ERR3:124180.748785	0	0	4	Eukaryota;Arthropoda;Insecta;Hymenoptera;Formicidae;Cephalotes;Cephalotes biguttatus
ERR3:1300230.674057	0	0	4	Eukaryota;Arthropoda;Branchiopoda;Diplostraca;Chydoridae;Pseudochydorus;Pseudochydorus globosus
ERR3:1300670.689258	0	0	4	Eukaryota;Arthropoda;Insecta;Diptera;Drosophilidae;Scaptomyza;Scaptomyza palmae
ERR3:1320330.632161	0	0	4	Eukaryota;Arthropoda;Insecta;Diptera;Sarcophagidae;Amobia;Amobia erythrura
ERR3:135680.697468	0	0	4	Eukaryota;Arthropoda;Insecta;Diptera;Drosophilidae;Scaptomyza;Scaptomyza palmae
ERR3:170580.714869	0	0	4	Eukaryota;Arthropoda;Insecta;Diptera;Drosophilidae;Scaptomyza;Scaptomyza palmae
ERR3:189740.702395	0	0	4	Eukaryota;Arthropoda;Insecta;Coleoptera;Lucanidae;Lucanus;Lucanus hermani
ERR3:196020.703558	0	0	4	Eukaryota;Arthropoda;Insecta;Diptera;Drosophilidae;Pseudostegana;Pseudostegana angustifasciata
ERR3:21440.699899	0	0	4	Eukaryota;Arthropoda;Insecta;Diptera;Agromyzidae;Phytomyza;Phytomyza aquilegioides
ERR3:243240.715671	0	0	4	Eukaryota;Arthropoda;Insecta;Diptera;Sarcophagidae;Sarcophaga;Sarcophaga pumila
ERR3:264750.677600	0	0	4	Eukaryota;Arthropoda;Insecta;Hymenoptera;Agaonidae;Kradibia;Kradibia salembensis
ERR3:299700.722176	0	0	4	Eukaryota;Chordata;Amphibia;Anura;Arthroleptidae;Cardioglossa;Cardioglossa leucomystax
ERR3:307510.720213	0	0	4	Eukaryota;Arthropoda;Insecta;Diptera;Culicidae;Anopheles;Anopheles quadrimaculatus A
ERR3:339660.694768	0	0	4	Eukaryota;Arthropoda;Branchiopoda;Diplostraca;Chydoridae;Pseudochydorus;Pseudochydorus globosus
ERR3:417670.602431	0	0	4	Eukaryota;Arthropoda;Insecta;Diptera;Drosophilidae;Scaptomyza;Scaptomyza palmae
ERR3:425820.632292	0	0	4	Eukaryota;Arthropoda;Insecta;Diptera;Chironomidae;Hydrobaenus;Hydrobaenus biwaquartus
ERR3:428170.666683	0	0	4	Eukaryota;Arthropoda;Insecta;Diptera;Sarcophagidae;Amobia;Amobia erythrura
ERR3:479630.729282	0	0	4	Eukaryota;Arthropoda;Insecta;Diptera;Hybotidae;Platypalpus;Platypalpus vegetus
ERR3:497210.725297	0	0	4	Eukaryota;Arthropoda;Insecta;Orthoptera;Tettigoniidae;Eupholidoptera;Eupholidoptera uvarovi
ERR3:513560.695562	0	0	4	Eukaryota;Platyhelminthes;Cestoda;Tetraphyllidea;Onchobothriidae;Pachybothrium;Pachybothrium hutsoni
ERR3:525380.661167	0	0	4	Eukaryota;Arthropoda;Insecta;Diptera;Drosophilidae;Scaptomyza;Scaptomyza palmae
ERR3:54680.615660	0	0	4	Eukaryota;Arthropoda;Insecta;Hymenoptera;Agaonidae;Dolichoris;Dolichoris subtrinervianae
ERR3:549700.690757	0	0	4	Eukaryota;Arthropoda;Insecta;Diptera;Agromyzidae;Metopomyza;Metopomyza flavonotata
ERR3:582860.714688	0	0	4	Eukaryota;Annelida;Polychaeta;Terebellida;Ampharetidae;Auchenoplax;Auchenoplax crinita
ERR3:615830.648569	0	0	4	Eukaryota;Arthropoda;Insecta;Diptera;Drosophilidae;Scaptomyza;Scaptomyza palmae
ERR1:102600.651310	3	0	0	Eukaryota;Arthropoda;Insecta;Diptera;Chironomidae;Polypedilum;Polypedilum quadriguttatum
ERR1:104760.667726	2	0	1	Eukaryota;Arthropoda;Insecta;Diptera;Drosophilidae;Scaptomyza;Scaptomyza palmae
ERR1:106320.663420	3	0	0	Eukaryota;Chordata;Amphibia;Anura;Hyperoliidae;Hyperolius;Hyperolius ocellatus
ERR1:10850.674819	3	0	0	Eukaryota;Arthropoda;Insecta;Diptera;Clusiidae;Hendelia;Hendelia gladiator
ERR1:115040.658531	3	0	0	Eukaryota;Chordata;Amphibia;Anura;Hyperoliidae;Hyperolius;Hyperolius ocellatus
ERR1:116240.680347	3	0	0	Eukaryota;Arthropoda;Branchiopoda;Diplostraca;Chydoridae;Pseudochydorus;Pseudochydorus globosus
ERR1:11930.728760	2	1	0	Eukaryota;Arthropoda;Insecta;Phthiraptera;Boopidae;Heterodoxus;Heterodoxus macropus
ERR1:128400.709216	3	0	0	Eukaryota;Chordata;Mammalia;Diprotodontia;Potoroidae;Hypsiprymnodon;Hypsiprymnodon moschatus
ERR1:131840.742325	3	0	0	Eukaryota;Chordata;Amphibia;Anura;Hyperoliidae;Hyperolius;Hyperolius ocellatus
ERR1:137850.699880	3	0	0	Eukaryota;Chordata;Squamata;Viperidae;Causus;Causus defilippii
ERR1:13910.712075	3	0	0	Eukaryota;Platyhelminthes;Cestoda;Diphyllidea;Echinobothriidae;Echinobothrium;Echinobothrium harfordi
ERR1:139490.687924	3	0	0	Eukaryota;Chordata;Mammalia;Hippopotamidae;Hexaprotodon;Hexaprotodon liberiensis
ERR1:140820.697099	1	0	2	Eukaryota;Arthropoda;Maxillopoda;Cyclopoida;Cyclopidae;Diacyclops;Diacyclops belgicus
ERR1:144700.697195	3	0	0	Eukaryota;Arthropoda;Maxillopoda;Cyclopoida;Cyclopidae;Diacyclops;Diacyclops belgicus
ERR1:147450.724136	3	0	0	Eukaryota;Arthropoda;Maxillopoda;Cyclopoida;Cyclopidae;Diacyclops;Diacyclops belgicus
ERR1:14820.701518	3	0	0	Eukaryota;Arthropoda;Insecta;Archaeognatha;Machilidae;Songmachilis;Songmachilis xinxiangensis
ERR1:150560.717992	2	1	0	Eukaryota;Arthropoda;Maxillopoda;Cyclopoida;Cyclopidae;Diacyclops;Diacyclops belgicus
ERR1:157860.663805	3	0	0	Eukaryota;Arthropoda;Maxillopoda;Cyclopoida;Cyclopidae;Diacyclops;Diacyclops belgicus
ERR1:158750.705161	3	0	0	Eukaryota;Arthropoda;Maxillopoda;Cyclopoida;Cyclopidae;Diacyclops;Diacyclops belgicus
ERR1:160080.681573	3	0	0	Eukaryota;Arthropoda;Maxillopoda;Cyclopoida;Cyclopidae;Diacyclops;Diacyclops belgicus
ERR1:160490.633558	3	0	0	Eukaryota;Arthropoda;Maxillopoda;Cyclopoida;Cyclopidae;Diacyclops;Diacyclops belgicus
ERR1:162500.728312	1	1	1	Eukaryota;Arthropoda;Insecta;Diptera;Sciomyzidae;Tetanocera;Tetanocera oxia
ERR1:16860.697650	2	1	0	Eukaryota;Arthropoda;Maxillopoda;Cyclopoida;Cyclopidae;Diacyclops;Diacyclops belgicus
ERR1:171140.711599	3	0	0	Eukaryota;Arthropoda;Maxillopoda;Cyclopoida;Cyclopidae;Diacyclops;Diacyclops belgicus
ERR1:180570.632492	2	1	0	Eukaryota;Arthropoda;Maxillopoda;Cyclopoida;Cyclopidae;Diacyclops;Diacyclops belgicus
ERR1:182190.724373	3	0	0	Eukaryota;Arthropoda;Insecta;Diptera;Simuliidae;Simulium;Simulium brevipar
ERR1:18840.668740	2	0	1	Eukaryota;Arthropoda;Insecta;Mantodea;Empusidae;Gongylus;Gongylus gongylodes
ERR1:188950.731523	3	0	0	Eukaryota;Arthropoda;Maxillopoda;Cyclopoida;Cyclopidae;Diacyclops;Diacyclops belgicus
ERR1:190570.730875	3	0	0	Eukaryota;Arthropoda;Insecta;Diptera;Chironomidae;Dicrotendipes;Dicrotendipes pulsus
ERR1:193750.693338	3	0	0	Eukaryota;Chordata;Mammalia;Lagomorpha;Leporidae;Lepus;Lepus othus
ERR1:196730.621280	1	1	1	Eukaryota;Arthropoda;Insecta;Diptera;Chironomidae;Polypedilum;Polypedilum quadriguttatum
ERR1:200790.634090	3	0	0	Eukaryota;Arthropoda;Insecta;Coleoptera;Curculionidae;Chlorophanus;Chlorophanus sibiricus
ERR1:201550.741976	3	0	0	Eukaryota;Arthropoda;Maxillopoda;Cyclopoida;Cyclopidae;Diacyclops;Diacyclops belgicus
ERR1:206020.739091	3	0	0	Eukaryota;Arthropoda;Insecta;Lepidoptera;Pyralidae;Lista;Lista haraldusalis
ERR1:206610.698933	3	0	0	Eukaryota;Chordata;Mammalia;Lagomorpha;Leporidae;Lepus;Lepus othus
ERR1:210030.648779	3	0	0	Eukaryota;Arthropoda;Insecta;Diptera;Drosophilidae;Zaprionus;Zaprionus davidi
ERR1:216660.725487	3	0	0	Eukaryota;Chordata;Amphibia;Gymnophiona;Caeciliidae;Caecilia;Caecilia tentaculata
ERR1:218320.650250	2	1	0	Eukaryota;Arthropoda;Maxillopoda;Cyclopoida;Cyclopidae;Diacyclops;Diacyclops belgicus
ERR1:22230.615782	3	0	0	Eukaryota;Arthropoda;Maxillopoda;Cyclopoida;Cyclopidae;Diacyclops;Diacyclops belgicus
ERR1:22250.691069	1	2	0	Eukaryota;Arthropoda;Maxillopoda;Cyclopoida;Cyclopidae;Diacyclops;Diacyclops belgicus
ERR1:224320.667490	2	1	0	Eukaryota;Chordata;Mammalia;Insectivora;Soricidae;Crocidura;Crocidura mindorus
ERR1:225470.710470	1	0	2	Eukaryota;Arthropoda;Insecta;Diptera;Syrphidae;Cheilosia;Cheilosia latifrons
ERR1:23050.740688	3	0	0	Eukaryota;Arthropoda;Maxillopoda;Cyclopoida;Cyclopidae;Diacyclops;Diacyclops belgicus
ERR1:23670.610959	2	1	0	Eukaryota;Arthropoda;Insecta;Diptera;Chironomidae;Dicrotendipes;Dicrotendipes pulsus
ERR1:236700.739671	3	0	0	Eukaryota;Arthropoda;Maxillopoda;Cyclopoida;Cyclopidae;Diacyclops;Diacyclops belgicus
ERR1:244750.632217	3	0	0	Eukaryota;Arthropoda;Insecta;Diptera;Drosophilidae;Pseudostegana;Pseudostegana silvana
ERR1:253600.688271	3	0	0	Eukaryota;Arthropoda;Maxillopoda;Cyclopoida;Cyclopidae;Diacyclops;Diacyclops belgicus
ERR1:260390.653340	3	0	0	Eukaryota;Chordata;Petromyzontiformes;Petromyzontidae;Eudontomyzon;Eudontomyzon morii
ERR1:261630.708755	3	0	0	Eukaryota;Arthropoda;Insecta;Coleoptera;Carabidae;Carabus;Carabus sternbergi
ERR1:263490.717098	3	0	0	Eukaryota;Chordata;Mammalia;Rodentia;Dipodidae;Jaculus;Jaculus jaculus
ERR1:265930.678148	3	0	0	Eukaryota;Arthropoda;Malacostraca;Decapoda;Varunidae;Cyclograpsus;Cyclograpsus granulosus
ERR1:267030.631844	2	0	1	Eukaryota;Chordata;Squamata;Gerrhopilidae;Gerrhopilus;Gerrhopilus mirus
ERR1:276520.604713	1	0	2	Eukaryota;Arthropoda;Insecta;Coleoptera;Schizopodidae;Schizopus;Schizopus laetus
ERR1:289650.728389	1	2	0	Eukaryota;Arthropoda;Insecta;Trichoptera;Hydropsychidae;Hydropsyche;Hydropsyche yenisar
ERR1:292600.724548	1	2	0	Eukaryota;Arthropoda;Maxillopoda;Cyclopoida;Cyclopidae;Diacyclops;Diacyclops belgicus
ERR1:310750.691329	1	0	2	Eukaryota;Arthropoda;Insecta;Lepidoptera;Crambidae;Bradina;Bradina nr. melanoperas WPH-2012
ERR1:317030.619381	3	0	0	Eukaryota;Arthropoda;Maxillopoda;Cyclopoida;Cyclopidae;Diacyclops;Diacyclops belgicus
ERR1:320150.703610	3	0	0	Eukaryota;Arthropoda;Insecta;Hemiptera;Anthocoridae;Anthocoris;Anthocoris dividens
ERR1:323380.619241	2	1	0	Eukaryota;Arthropoda;Maxillopoda;Cyclopoida;Cyclopidae;Diacyclops;Diacyclops belgicus
ERR1:32680.671118	1	0	2	Eukaryota;Arthropoda;Maxillopoda;Cyclopoida;Cyclopidae;Diacyclops;Diacyclops belgicus
ERR1:331530.622678	2	1	0	Eukaryota;Cnidaria;Anthozoa;Scleractinia;Merulinidae;Platygyra;Platygyra carnosus
ERR1:331850.683191	3	0	0	Eukaryota;Arthropoda;Insecta;Lepidoptera;Crambidae;Elophila;Elophila interruptalis
ERR1:33260.724114	3	0	0	Eukaryota;Arthropoda;Insecta;Mantodea;Mantidae;Plistospilota;Plistospilota guineensis
ERR1:336580.716296	3	0	0	Eukaryota;Arthropoda;Insecta;Diptera;Drosophilidae;Scaptomyza;Scaptomyza palmae
ERR1:339590.625849	1	1	1	Eukaryota;Arthropoda;Insecta;Diptera;Hybotidae;Platypalpus;Platypalpus niger
ERR1:342790.621916	2	1	0	Eukaryota;Arthropoda;Ostracoda;Myodocopida;Cypridinidae;Vargula;Vargula hilgendorfii
ERR1:354460.700440	1	0	2	Eukaryota;Arthropoda;Insecta;Diptera;Dolichopodidae;Campsicnemus;Campsicnemus marginatus
ERR1:359450.704266	1	0	2	Eukaryota;Arthropoda;Maxillopoda;Cyclopoida;Cyclopidae;Diacyclops;Diacyclops belgicus
ERR1:36150.709298	2	0	1	Eukaryota;Arthropoda;Insecta;Hymenoptera;Tenthredinidae;Euura;Euura gemmahelveticae
ERR1:3630.650155	1	1	1	Eukaryota;Cnidaria;Hydrozoa;Limnomedusae;Olindiasidae;Cubaia;Cubaia aphrodite
ERR1:370090.662326	3	0	0	Eukaryota;Arthropoda;Insecta;Hemiptera;Reduviidae;Valentia;Valentia hoffmanni
ERR1:373550.678680	3	0	0	Eukaryota;Arthropoda;Maxillopoda;Cyclopoida;Cyclopidae;Diacyclops;Diacyclops belgicus
ERR1:376960.724059	3	0	0	Eukaryota;Arthropoda;Maxillopoda;Cyclopoida;Cyclopidae;Diacyclops;Diacyclops belgicus
ERR1:380450.652363	2	0	1	Eukaryota;Arthropoda;Maxillopoda;Cyclopoida;Cyclopidae;Diacyclops;Diacyclops belgicus
ERR1:393980.730318	3	0	0	Eukaryota;Chordata;Mammalia;Primates;Pitheciidae;Cacajao;Cacajao calvus
ERR1:401860.640148	3	0	0	Eukaryota;Chordata;Amphibia;Anura;Hyperoliidae;Hyperolius;Hyperolius ocellatus
ERR1:405530.631069	1	2	0	Eukaryota;Chordata;Mammalia;Lagomorpha;Leporidae;Lepus;Lepus californicus
ERR1:412290.664781	2	0	1	Eukaryota;Cnidaria;Anthozoa;Scleractinia;Merulinidae;Platygyra;Platygyra carnosus
ERR1:428980.713615	1	0	2	Eukaryota;Arthropoda;Insecta;Hymenoptera;Agaonidae;Pleistodontes;Pleistodontes plebejus
ERR1:433490.732420	2	0	1	Eukaryota;Cnidaria;Anthozoa;Scleractinia;Dendrophylliidae;Dendrophyllia;Dendrophyllia cribrosa
ERR1:443280.626894	3	0	0	Eukaryota;Arthropoda;Insecta;Hymenoptera;Agaonidae;Blastophaga;Blastophaga intermedia
ERR1:45280.673018	1	0	2	Eukaryota;Arthropoda;Insecta;Coleoptera;Cantharidae;Malthodes;Malthodes mysticus
ERR1:45390.644240	3	0	0	Eukaryota;Arthropoda;Insecta;Hemiptera;Cicadidae;Tettigettacula;Tettigettacula baenai
ERR1:460640.711944	3	0	0	Eukaryota;Arthropoda;Maxillopoda;Cyclopoida;Cyclopidae;Diacyclops;Diacyclops belgicus
ERR1:460950.717853	3	0	0	Eukaryota;Chordata;Mammalia;Insectivora;Soricidae;Crocidura;Crocidura mindorus
ERR1:471570.716031	3	0	0	Eukaryota;Arthropoda;Maxillopoda;Cyclopoida;Cyclopidae;Diacyclops;Diacyclops belgicus
ERR1:472320.651724	1	1	1	Eukaryota;Arthropoda;Maxillopoda;Cyclopoida;Cyclopidae;Diacyclops;Diacyclops belgicus
ERR1:48390.734860	3	0	0	Eukaryota;Platyhelminthes;Trematoda;Plagiorchiida;Paramphistomidae;Paramphistomum;Paramphistomum cervi
ERR1:487550.624332	1	0	2	Eukaryota;Nematoda;Chromadorea;Rhabditida;Syngamidae;Syngamus;Syngamus trachea
ERR1:497620.662302	3	0	0	Eukaryota;Annelida;Haplotaxida;Naididae;Arcteonais;Arcteonais lomondi
ERR1:51430.648065	2	1	0	Eukaryota;Cnidaria;Multivalvulida;Kudoidae;Kudoa;Kudoa hexapunctata
ERR1:52340.646378	3	0	0	Eukaryota;Arthropoda;Insecta;Diptera;Agromyzidae;Phytomyza;Phytomyza nr. nigrinervis
ERR1:529640.716335	1	2	0	Eukaryota;Annelida;Hirudinida;Arhynchobdellida;Haemopidae;Whitmania;Whitmania pigra
ERR1:534850.710130	1	1	1	Eukaryota;Nematoda;Chromadorea;Tylenchida;Pratylenchidae;Radopholus;Radopholus similis
ERR1:542970.717267	3	0	0	Eukaryota;Arthropoda;Insecta;Diptera;Chironomidae;Metriocnemus;Metriocnemus beringiensis
ERR1:557710.754310	1	0	2	Eukaryota;Arthropoda;Maxillopoda;Cyclopoida;Cyclopidae;Diacyclops;Diacyclops belgicus
ERR1:568830.693882	3	0	0	Eukaryota;Arthropoda;Maxillopoda;Cyclopoida;Cyclopidae;Diacyclops;Diacyclops belgicus
ERR1:572120.727809	3	0	0	Eukaryota;Arthropoda;Maxillopoda;Cyclopoida;Cyclopidae;Diacyclops;Diacyclops belgicus
ERR1:57990.617026	3	0	0	Eukaryota;Arthropoda;Insecta;Orthoptera;Pamphagidae;Pseudotmethis;Pseudotmethis rubimarginis
ERR1:584600.705546	3	0	0	Eukaryota;Arthropoda;Maxillopoda;Cyclopoida;Cyclopidae;Diacyclops;Diacyclops belgicus
ERR1:605440.719849	3	0	0	Eukaryota;Chordata;Squamata;Dipsadidae;Imantodes;Imantodes cenchoa
ERR1:63190.655753	2	1	0	Eukaryota;Arthropoda;Insecta;Diptera;Hybotidae;Platypalpus;Platypalpus clarandus
ERR1:65230.720906	3	0	0	Eukaryota;Arthropoda;Maxillopoda;Cyclopoida;Cyclopidae;Diacyclops;Diacyclops belgicus
ERR1:658170.690227	1	2	0	Eukaryota;Arthropoda;Insecta;Hemiptera;Anthocoridae;Anthocoris;Anthocoris dividens
ERR1:66880.697607	3	0	0	Eukaryota;Arthropoda;Insecta;Coleoptera;Staphylinidae;Taxicera;Taxicera truncata
ERR1:689350.682327	1	1	1	Eukaryota;Arthropoda;Maxillopoda;Cyclopoida;Cyclopidae;Diacyclops;Diacyclops belgicus
ERR1:724740.611721	1	1	1	Eukaryota;Acanthocephala;Eoacanthocephala;Gyracanthocephala;Quadrigyridae;Pallisentis;Pallisentis celatus
ERR1:725720.623902	2	0	1	Eukaryota;Arthropoda;Maxillopoda;Cyclopoida;Cyclopidae;Diacyclops;Diacyclops belgicus
ERR1:90510.715940	3	0	0	Eukaryota;Arthropoda;Maxillopoda;Cyclopoida;Cyclopidae;Diacyclops;Diacyclops belgicus
ERR1:9150.744970	3	0	0	Eukaryota;Arthropoda;Insecta;Diptera;Deuterophlebiidae;Deuterophlebia;Deuterophlebia coloradensis
ERR1:9750.667331	2	1	0	Eukaryota;Arthropoda;Maxillopoda;Cyclopoida;Cyclopidae;Diacyclops;Diacyclops belgicus
ERR2:101550.690475	0	3	0	Eukaryota;Arthropoda;Maxillopoda;Cyclopoida;Cyclopidae;Diacyclops;Diacyclops belgicus
ERR2:102120.740580	0	3	0	Eukaryota;Arthropoda;Insecta;Hemiptera;Aphelocheiridae;Aphelocheirus;Aphelocheirus ellipsoideus
ERR2:105280.731610	0	3	0	Eukaryota;Chordata;Actinopteri;Pomacanthidae;Genicanthus;Genicanthus semifasciatus
ERR2:11120.664799	0	3	0	Eukaryota;Arthropoda;Maxillopoda;Cyclopoida;Cyclopidae;Diacyclops;Diacyclops belgicus
ERR2:113330.665794	0	3	0	Eukaryota;Arthropoda;Maxillopoda;Cyclopoida;Cyclopidae;Diacyclops;Diacyclops belgicus
ERR2:117650.724641	0	3	0	Eukaryota;Chordata;Squamata;Gerrhopilidae;Gerrhopilus;Gerrhopilus mirus
ERR2:124940.625515	0	3	0	Eukaryota;Chordata;Mammalia;Insectivora;Soricidae;Crocidura;Crocidura mindorus
ERR2:127700.723325	0	3	0	Eukaryota;Arthropoda;Insecta;Lepidoptera;Nymphalidae;Hypothyris;Hypothyris daphnis
ERR2:138750.679224	0	3	0	Eukaryota;Arthropoda;Maxillopoda;Cyclopoida;Cyclopidae;Diacyclops;Diacyclops belgicus
ERR2:13980.725452	0	3	0	Eukaryota;Arthropoda;Insecta;Diptera;Micropezidae;Grallipeza;Grallipeza vicina
ERR2:14020.720765	0	3	0	Eukaryota;Chordata;Amphibia;Caudata;Hynobiidae;Hynobius;Hynobius hidamontanus
ERR2:147560.690764	0	3	0	Eukaryota;Arthropoda;Insecta;Coleoptera;Silphidae;Oiceoptoma;Oiceoptoma noveboracense
ERR2:14780.740585	0	3	0	Eukaryota;Arthropoda;Maxillopoda;Calanoida;Tortanidae;Tortanus;Tortanus discaudatus
ERR2:148550.717397	0	3	0	Eukaryota;Mollusca;Gastropoda;Cerithiopsidae;Seila;Seila morishimai
ERR2:150170.725344	0	3	0	Eukaryota;Arthropoda;Maxillopoda;Calanoida;Tortanidae;Tortanus;Tortanus discaudatus
ERR2:164010.714157	0	3	0	Eukaryota;Arthropoda;Insecta;Plecoptera;Perlidae;Acroneuria;Acroneuria hainana
ERR2:168090.723966	0	3	0	Eukaryota;Arthropoda;Insecta;Diptera;Hybotidae;Platypalpus;Platypalpus niger
ERR2:168860.646632	0	3	0	Eukaryota;Arthropoda;Insecta;Diptera;Drosophilidae;Scaptomyza;Scaptomyza palmae
ERR2:169720.719154	0	3	0	Eukaryota;Arthropoda;Insecta;Mecoptera;Panorpidae;Sinopanorpa;Sinopanorpa digitiformis
ERR2:169910.706195	0	3	0	Eukaryota;Arthropoda;Arachnida;Araneae;Theridiidae;Anelosimus;Anelosimus ethicus
ERR2:171330.685048	0	3	0	Eukaryota;Arthropoda;Insecta;Diptera;Simuliidae;Simulium;Simulium brevipar
ERR2:174130.734976	0	3	0	Eukaryota;Arthropoda;Insecta;Trichoptera;Hydropsychidae;Hydropsyche;Hydropsyche yenisar
ERR2:17840.718499	0	3	0	Eukaryota;Platyhelminthes;Cestoda;Haplobothriidea;Haplobothriidae;Haplobothrium;Haplobothrium globuliforme
ERR2:180880.725194	0	3	0	Eukaryota;Arthropoda;Maxillopoda;Calanoida;Tortanidae;Tortanus;Tortanus discaudatus
ERR2:184380.701570	0	3	0	Eukaryota;Arthropoda;Insecta;Coleoptera;Dytiscidae;Hydaticus;Hydaticus arcuatus
ERR2:18510.728609	0	3	0	Eukaryota;Arthropoda;Insecta;Diptera;Drosophilidae;Scaptomyza;Scaptomyza palmae
ERR2:188470.718848	0	3	0	Eukaryota;Arthropoda;Insecta;Mecoptera;Panorpidae;Panorpa;Panorpa kimminsi
ERR2:189250.707179	0	3	0	Eukaryota;Arthropoda;Insecta;Diptera;Drosophilidae;Scaptomyza;Scaptomyza palmae
ERR2:192830.728562	0	3	0	Eukaryota;Chordata;Mammalia;Rodentia;Dipodidae;Jaculus;Jaculus jaculus
ERR2:19580.641863	0	3	0	Eukaryota;Arthropoda;Maxillopoda;Calanoida;Tortanidae;Tortanus;Tortanus discaudatus
ERR2:196470.682011	0	1	2	Eukaryota;Arthropoda;Maxillopoda;Calanoida;Tortanidae;Tortanus;Tortanus discaudatus
ERR2:198360.711015	0	3	0	Eukaryota;Arthropoda;Maxillopoda;Calanoida;Tortanidae;Tortanus;Tortanus discaudatus
ERR2:199390.606420	1	2	0	Eukaryota;Arthropoda;Insecta;Diptera;Drosophilidae;Scaptomyza;Scaptomyza palmae
ERR2:207350.728107	0	3	0	Eukaryota;Mollusca;Gastropoda;Cerithiopsidae;Seila;Seila morishimai
ERR2:208460.702807	0	3	0	Eukaryota;Arthropoda;Insecta;Diptera;Drosophilidae;Drosophila;Drosophila latifshahi
ERR2:211650.743119	0	3	0	Eukaryota;Arthropoda;Maxillopoda;Calanoida;Euchaetidae;Paraeuchaeta;Paraeuchaeta rubra
ERR2:214370.685354	0	3	0	Eukaryota;Arthropoda;Insecta;Diptera;Drosophilidae;Drosophila;Drosophila frotapessoai
ERR2:216270.736386	0	3	0	Eukaryota;Mollusca;Gastropoda;Thiaridae;Sermyla;Sermyla riqueti
ERR2:219560.723740	0	3	0	Eukaryota;Arthropoda;Maxillopoda;Calanoida;Tortanidae;Tortanus;Tortanus discaudatus
ERR2:221970.723908	0	3	0	Eukaryota;Arthropoda;Maxillopoda;Calanoida;Tortanidae;Tortanus;Tortanus discaudatus
ERR2:225270.717168	0	3	0	Eukaryota;Arthropoda;Insecta;Diptera;Muscidae;Neomyia;Neomyia gavisa
ERR2:228970.732655	0	3	0	Eukaryota;Arthropoda;Insecta;Diptera;Calliphoridae;Calliphora;Calliphora pattoni
ERR2:231090.730099	0	3	0	Eukaryota;Mollusca;Bivalvia;Veneroida;Mactridae;Lutraria;Lutraria rhynchaena
ERR2:24800.717373	0	3	0	Eukaryota;Arthropoda;Insecta;Diptera;Simuliidae;Simulium;Simulium brevipar
ERR2:25780.737920	0	3	0	Eukaryota;Arthropoda;Insecta;Diptera;Drosophilidae;Drosophila;Drosophila procardinoides
ERR2:264510.716643	0	3	0	Eukaryota;Arthropoda;Maxillopoda;Calanoida;Tortanidae;Tortanus;Tortanus discaudatus
ERR2:267050.695137	0	3	0	Eukaryota;Arthropoda;Insecta;Diptera;Chironomidae;Trissopelopia;Trissopelopia longimana
ERR2:269060.690008	0	3	0	Eukaryota;Arthropoda;Insecta;Siphonaptera;Rhopalopsyllidae;Polygenis;Polygenis roberti
ERR2:27250.714198	0	3	0	Eukaryota;Arthropoda;Insecta;Diptera;Drosophilidae;Scaptomyza;Scaptomyza palmae
ERR2:27510.732311	0	3	0	Eukaryota;Arthropoda;Insecta;Diptera;Drosophilidae;Scaptomyza;Scaptomyza palmae
ERR2:277330.701920	0	3	0	Eukaryota;Arthropoda;Insecta;Diptera;Drosophilidae;Scaptomyza;Scaptomyza palmae
ERR2:284380.714755	0	3	0	Eukaryota;Arthropoda;Insecta;Diptera;Calliphoridae;Calliphora;Calliphora pattoni
ERR2:284450.733534	0	3	0	Eukaryota;Arthropoda;Insecta;Diptera;Drosophilidae;Scaptomyza;Scaptomyza palmae
ERR2:294950.732818	0	3	0	Eukaryota;Arthropoda;Maxillopoda;Calanoida;Tortanidae;Tortanus;Tortanus discaudatus
ERR2:295520.684433	0	3	0	Eukaryota;Arthropoda;Insecta;Diptera;Drosophilidae;Scaptomyza;Scaptomyza palmae
ERR2:30380.722954	0	3	0	Eukaryota;Arthropoda;Insecta;Diptera;Drosophilidae;Scaptomyza;Scaptomyza palmae
ERR2:308350.709932	0	3	0	Eukaryota;Arthropoda;Insecta;Diptera;Agromyzidae;Aulagromyza;Aulagromyza luteoscutellata
ERR2:313180.729283	0	3	0	Eukaryota;Arthropoda;Maxillopoda;Calanoida;Tortanidae;Tortanus;Tortanus discaudatus
ERR2:330490.623108	0	3	0	Eukaryota;Arthropoda;Insecta;Diptera;Pelecorhynchidae;Glutops;Glutops singularis
ERR2:339320.707155	0	3	0	Eukaryota;Arthropoda;Maxillopoda;Calanoida;Tortanidae;Tortanus;Tortanus discaudatus
ERR2:347420.726166	0	3	0	Eukaryota;Arthropoda;Maxillopoda;Calanoida;Tortanidae;Tortanus;Tortanus discaudatus
ERR2:347530.696134	0	3	0	Eukaryota;Arthropoda;Malacostraca;Amphipoda;Lysianassidae;Onisimus;Onisimus nanseni
ERR2:350530.742075	0	3	0	Eukaryota;Arthropoda;Insecta;Diptera;Drosophilidae;Scaptomyza;Scaptomyza palmae
ERR2:352740.736220	0	3	0	Eukaryota;Arthropoda;Maxillopoda;Calanoida;Tortanidae;Tortanus;Tortanus discaudatus
ERR2:357190.727381	0	3	0	Eukaryota;Arthropoda;Insecta;Lepidoptera;Crambidae;Palpita;Palpita kimballi
ERR2:358000.664220	0	3	0	Eukaryota;Arthropoda;Insecta;Diptera;Agromyzidae;Aulagromyza;Aulagromyza luteoscutellata
ERR2:361980.709066	0	3	0	Eukaryota;Arthropoda;Maxillopoda;Calanoida;Tortanidae;Tortanus;Tortanus discaudatus
ERR2:362290.724935	0	3	0	Eukaryota;Arthropoda;Insecta;Diptera;Drosophilidae;Scaptomyza;Scaptomyza palmae
ERR2:365160.709526	0	3	0	Eukaryota;Arthropoda;Insecta;Diptera;Drosophilidae;Scaptomyza;Scaptomyza palmae
ERR2:379640.694545	0	3	0	Eukaryota;Chordata;Squamata;Lacertidae;Tropidosaura;Tropidosaura gularis
ERR2:396790.738325	0	3	0	Eukaryota;Arthropoda;Maxillopoda;Calanoida;Tortanidae;Tortanus;Tortanus discaudatus
ERR2:404220.718014	0	3	0	Eukaryota;Mollusca;Gastropoda;Cerithiopsidae;Seila;Seila morishimai
ERR2:415510.690485	0	3	0	Eukaryota;Arthropoda;Maxillopoda;Calanoida;Tortanidae;Tortanus;Tortanus discaudatus
ERR2:418390.714510	0	3	0	Eukaryota;Arthropoda;Maxillopoda;Calanoida;Tortanidae;Tortanus;Tortanus discaudatus
ERR2:452320.681499	0	3	0	Eukaryota;Arthropoda;Insecta;Diptera;Drosophilidae;Scaptomyza;Scaptomyza palmae
ERR2:458590.739571	0	3	0	Eukaryota;Arthropoda;Insecta;Diptera;Anthomyiidae;Fucellia;Fucellia tergina
ERR2:459570.710057	0	3	0	Eukaryota;Arthropoda;Insecta;Diptera;Chironomidae;Trissopelopia;Trissopelopia longimana
ERR2:461000.694210	0	3	0	Eukaryota;Arthropoda;Insecta;Trichoptera;Hydroptilidae;Nothotrichia;Nothotrichia cautinensis
ERR2:464310.735195	0	3	0	Eukaryota;Arthropoda;Insecta;Diptera;Tabanidae;Haematopota;Haematopota howarthi
ERR2:465740.713298	0	3	0	Eukaryota;Chordata;Amphibia;Anura;Hyperoliidae;Hyperolius;Hyperolius ocellatus
ERR2:465890.663639	0	3	0	Eukaryota;Arthropoda;Insecta;Diptera;Drosophilidae;Scaptomyza;Scaptomyza palmae
ERR2:474610.721522	0	3	0	Eukaryota;Arthropoda;Insecta;Diptera;Chironomidae;Orthocladius;Orthocladius telochaetus
ERR2:478710.750042	0	3	0	Eukaryota;Arthropoda;Insecta;Diptera;Chironomidae;Trissopelopia;Trissopelopia longimana
ERR2:479870.615682	0	3	0	Eukaryota;Chordata;Squamata;Elapidae;Micrurus;Micrurus fulvius
ERR2:486930.740036	0	3	0	Eukaryota;Arthropoda;Maxillopoda;Calanoida;Tortanidae;Tortanus;Tortanus discaudatus
ERR2:496100.688545	0	3	0	Eukaryota;Arthropoda;Maxillopoda;Calanoida;Tortanidae;Tortanus;Tortanus discaudatus
ERR2:503850.690795	0	3	0	Eukaryota;Arthropoda;Maxillopoda;Calanoida;Tortanidae;Tortanus;Tortanus discaudatus
ERR2:521610.745969	0	3	0	Eukaryota;Arthropoda;Insecta;Coleoptera;Staphylinidae;Aleochara;Aleochara castaneipennis
ERR2:523090.652313	0	3	0	Eukaryota;Arthropoda;Maxillopoda;Calanoida;Tortanidae;Tortanus;Tortanus discaudatus
ERR2:524390.719839	0	3	0	Eukaryota;Arthropoda;Maxillopoda;Calanoida;Tortanidae;Tortanus;Tortanus discaudatus
ERR2:542090.615993	0	3	0	Eukaryota;Arthropoda;Insecta;Hemiptera;Anthocoridae;Xylocoris;Xylocoris hiurai
ERR2:546040.712486	0	2	1	Eukaryota;Arthropoda;Maxillopoda;Calanoida;Tortanidae;Tortanus;Tortanus discaudatus
ERR2:546930.727011	0	3	0	Eukaryota;Arthropoda;Maxillopoda;Calanoida;Tortanidae;Tortanus;Tortanus discaudatus
ERR2:573210.738299	0	3	0	Eukaryota;Arthropoda;Maxillopoda;Calanoida;Tortanidae;Tortanus;Tortanus discaudatus
ERR2:57360.644876	0	3	0	Eukaryota;Arthropoda;Insecta;Diptera;Drosophilidae;Scaptomyza;Scaptomyza palmae
ERR2:579420.715483	0	3	0	Eukaryota;Arthropoda;Maxillopoda;Calanoida;Scolecitrichidae;Pseudoamallothrix;Pseudoamallothrix cenotelis
ERR2:579980.726935	0	3	0	Eukaryota;Arthropoda;Maxillopoda;Calanoida;Tortanidae;Tortanus;Tortanus discaudatus
ERR2:58140.654175	0	2	1	Eukaryota;Arthropoda;Insecta;Diptera;Simuliidae;Simulium;Simulium brevipar
ERR2:60390.724110	0	3	0	Eukaryota;Chordata;Actinopteri;Mugiliformes;Mugilidae;Cestraeus;Cestraeus goldiei
ERR2:629020.640446	0	3	0	Eukaryota;Arthropoda;Insecta;Mecoptera;Panorpidae;Sinopanorpa;Sinopanorpa digitiformis
ERR2:668280.644712	0	2	1	Eukaryota;Chordata;Actinopteri;Cypriniformes;Cyprinidae;Acheilognathus;Acheilognathus barbatus
ERR2:67990.721937	0	3	0	Eukaryota;Chordata;Actinopteri;Cypriniformes;Cobitidae;Iksookimia;Iksookimia pumila
ERR2:707300.744472	0	3	0	Eukaryota;Arthropoda;Insecta;Trichoptera;Hydropsychidae;Hydropsyche;Hydropsyche yenisar
ERR2:715630.695714	0	3	0	Eukaryota;Arthropoda;Insecta;Diptera;Agromyzidae;Aulagromyza;Aulagromyza luteoscutellata
ERR2:717430.691442	0	1	2	Eukaryota;Arthropoda;Insecta;Trichoptera;Hydropsychidae;Hydropsyche;Hydropsyche yenisar
ERR2:719080.730003	0	3	0	Eukaryota;Arthropoda;Maxillopoda;Calanoida;Tortanidae;Tortanus;Tortanus discaudatus
ERR2:724740.620295	0	1	2	Eukaryota;Arthropoda;Insecta;Diptera;Tachinidae;Nemorilla;Nemorilla floralis
ERR2:76360.706789	0	3	0	Eukaryota;Mollusca;Bivalvia;Ostreoida;Ostreidae;Ostrea;Ostrea lurida
ERR2:800990.728349	0	3	0	Eukaryota;Arthropoda;Maxillopoda;Calanoida;Tortanidae;Tortanus;Tortanus discaudatus
ERR2:836440.605364	0	2	1	Eukaryota;Porifera;Demospongiae;Hadromerida;Tethyidae;Tethya;Tethya actinia
ERR2:839340.658166	0	1	2	Eukaryota;Arthropoda;Insecta;Hemiptera;Cicadidae;Pauropsalta;Pauropsalta conflua (nomen nudum)
ERR2:94610.728913	0	3	0	Eukaryota;Arthropoda;Maxillopoda;Calanoida;Tortanidae;Tortanus;Tortanus discaudatus
ERR3:1005350.662630	0	0	3	Eukaryota;Arthropoda;Maxillopoda;Calanoida;Tortanidae;Tortanus;Tortanus discaudatus
ERR3:1010610.664653	0	0	3	Eukaryota;Arthropoda;Insecta;Coleoptera;Dytiscidae;Rhantus;Rhantus vitiensis
ERR3:1015930.709282	0	0	3	Eukaryota;Arthropoda;Insecta;Phthiraptera;Polyplacidae;Polyplax;Polyplax asiatica
ERR3:1016340.678256	0	0	3	Eukaryota;Arthropoda;Maxillopoda;Calanoida;Tortanidae;Tortanus;Tortanus discaudatus
ERR3:1021060.695307	0	0	3	Eukaryota;Porifera;Homoscleromorpha;Homosclerophorida;Plakinidae;Plakina;Plakina jani
ERR3:1029550.706249	0	0	3	Eukaryota;Arthropoda;Insecta;Diptera;Agromyzidae;Metopomyza;Metopomyza flavonotata
ERR3:1032020.692264	0	0	3	Eukaryota;Arthropoda;Insecta;Diptera;Drosophilidae;Scaptomyza;Scaptomyza palmae
ERR3:1037260.705570	0	0	3	Eukaryota;Arthropoda;Maxillopoda;Calanoida;Tortanidae;Tortanus;Tortanus discaudatus
ERR3:1043270.667235	0	0	3	Eukaryota;Annelida;Hirudinida;Arhynchobdellida;Haemopidae;Whitmania;Whitmania pigra
ERR3:1046720.657835	0	0	3	Eukaryota;Cnidaria;Anthozoa;Scleractinia;Dendrophylliidae;Dendrophyllia;Dendrophyllia cribrosa
ERR3:1046780.681479	0	0	3	Eukaryota;Arthropoda;Insecta;Diptera;Drosophilidae;Scaptomyza;Scaptomyza palmae
ERR3:1047600.705854	0	0	3	Eukaryota;Arthropoda;Insecta;Orthoptera;Tettigoniidae;Eupholidoptera;Eupholidoptera uvarovi
ERR3:1049530.718815	0	0	3	Eukaryota;Platyhelminthes;Cestoda;Cyclophyllidea;Taeniidae;Hydatigera;Hydatigera krepkogorski
ERR3:1055700.722741	0	0	3	Eukaryota;Arthropoda;Insecta;Diptera;Sarcophagidae;Amobia;Amobia erythrura
ERR3:1058880.682635	0	0	3	Eukaryota;Arthropoda;Insecta;Hemiptera;Cicadidae;Pauropsalta;Pauropsalta herveyensis (nomen nudum)
ERR3:1061060.714955	0	0	3	Eukaryota;Arthropoda;Insecta;Diptera;Hybotidae;Platypalpus;Platypalpus niger
ERR3:1062180.676487	0	0	3	Eukaryota;Arthropoda;Insecta;Diptera;Drosophilidae;Scaptomyza;Scaptomyza palmae
ERR3:1071250.651381	0	0	3	Eukaryota;Arthropoda;Insecta;Diptera;Drosophilidae;Drosophila;Drosophila setula
ERR3:1073510.702445	0	0	3	Eukaryota;Arthropoda;Branchiopoda;Diplostraca;Chydoridae;Pseudochydorus;Pseudochydorus globosus
ERR3:1077870.636807	0	0	3	Eukaryota;Arthropoda;Malacostraca;Decapoda;Cambaridae;Orconectes;Orconectes punctimanus
ERR3:1082990.715227	0	0	3	Eukaryota;Arthropoda;Malacostraca;Decapoda;Alpheidae;Alpheus;Alpheus distinguendus
ERR3:1083040.673875	0	0	3	Eukaryota;Arthropoda;Insecta;Diptera;Drosophilidae;Scaptomyza;Scaptomyza palmae
ERR3:1084620.651413	0	0	3	Eukaryota;Arthropoda;Insecta;Diptera;Chironomidae;Polypedilum;Polypedilum quadriguttatum
ERR3:1086780.719270	0	0	3	Eukaryota;Arthropoda;Insecta;Diptera;Drosophilidae;Scaptomyza;Scaptomyza palmae
ERR3:1089600.710743	0	0	3	Eukaryota;Arthropoda;Insecta;Diptera;Drosophilidae;Scaptomyza;Scaptomyza palmae
ERR3:1089910.672252	0	0	3	Eukaryota;Chordata;Mammalia;Rodentia;Dipodidae;Jaculus;Jaculus jaculus
ERR3:1092010.696001	0	0	3	Eukaryota;Arthropoda;Insecta;Diptera;Chironomidae;Polypedilum;Polypedilum quadriguttatum
ERR3:1092360.729918	0	0	3	Eukaryota;Arthropoda;Insecta;Diptera;Drosophilidae;Leucophenga;Leucophenga angusta
ERR3:1092960.695031	0	0	3	Eukaryota;Arthropoda;Insecta;Hemiptera;Miridae;Pycnocoris;Pycnocoris ursinus
ERR3:1094920.710383	0	0	3	Eukaryota;Arthropoda;Insecta;Diptera;Sarcophagidae;Amobia;Amobia erythrura
ERR3:1095120.717140	0	0	3	Eukaryota;Arthropoda;Insecta;Diptera;Sciomyzidae;Pherbellia;Pherbellia argyra
ERR3:1095570.724011	0	0	3	Eukaryota;Arthropoda;Branchiopoda;Diplostraca;Chydoridae;Pseudochydorus;Pseudochydorus globosus
ERR3:1102140.705469	0	0	3	Eukaryota;Arthropoda;Insecta;Hymenoptera;Mutillidae;Wallacidia;Wallacidia oculata
ERR3:1107000.673271	0	0	3	Eukaryota;Chordata;Amphibia;Anura;Hyperoliidae;Hyperolius;Hyperolius ocellatus
ERR3:1113790.705702	0	0	3	Eukaryota;Arthropoda;Insecta;Diptera;Culicidae;Anopheles;Anopheles quadrimaculatus A
ERR3:1118740.651316	0	0	3	Eukaryota;Arthropoda;Insecta;Diptera;Chironomidae;Polypedilum;Polypedilum quadriguttatum
ERR3:1119100.718685	0	0	3	Eukaryota;Arthropoda;Insecta;Orthoptera;Tetrigidae;Alulatettix;Alulatettix yunnanensis
ERR3:1125670.612832	0	0	3	Eukaryota;Chordata;Chondrichthyes;Orectolobiformes;Orectolobidae;Orectolobus;Orectolobus japonicus
ERR3:1130180.685835	0	0	3	Eukaryota;Arthropoda;Branchiopoda;Diplostraca;Chydoridae;Pseudochydorus;Pseudochydorus globosus
ERR3:1133340.672614	0	0	3	Eukaryota;Arthropoda;Branchiopoda;Diplostraca;Chydoridae;Pseudochydorus;Pseudochydorus globosus
ERR3:1134200.666708	0	0	3	Eukaryota;Arthropoda;Insecta;Diptera;Agromyzidae;Cerodontha;Cerodontha atronitens
ERR3:1134790.711147	0	0	3	Eukaryota;Arthropoda;Branchiopoda;Diplostraca;Chydoridae;Pseudochydorus;Pseudochydorus globosus
ERR3:1137290.722523	0	0	3	Eukaryota;Arthropoda;Insecta;Diptera;Agromyzidae;Phytomyza;Phytomyza aquilegioides
ERR3:1145590.645156	0	0	3	Eukaryota;Arthropoda;Branchiopoda;Diplostraca;Chydoridae;Pseudochydorus;Pseudochydorus globosus
ERR3:1147550.618085	0	0	3	Eukaryota;Arthropoda;Insecta;Lepidoptera;Riodinidae;Helicopis;Helicopis cupido
ERR3:1149750.726792	0	0	3	Eukaryota;Arthropoda;Insecta;Diptera;Drosophilidae;Scaptomyza;Scaptomyza palmae
ERR3:1150840.718606	0	0	3	Eukaryota;Arthropoda;Insecta;Diptera;Chironomidae;Polypedilum;Polypedilum quadriguttatum
ERR3:1152050.649751	0	0	3	Eukaryota;Arthropoda;Insecta;Diptera;Drosophilidae;Scaptomyza;Scaptomyza palmae
ERR3:1157800.698155	0	0	3	Eukaryota;Arthropoda;Insecta;Hemiptera;Anthocoridae;Anthocoris;Anthocoris dividens
ERR3:116140.725749	0	0	3	Eukaryota;Arthropoda;Insecta;Hymenoptera;Tenthredinidae;Euura;Euura nimba
ERR3:1161820.700350	0	0	3	Eukaryota;Chordata;Actinopteri;Gymnotiformes;Gymnotidae;Electrophorus;Electrophorus electricus
ERR3:1162170.676852	0	0	3	Eukaryota;Arthropoda;Insecta;Diptera;Drosophilidae;Scaptomyza;Scaptomyza palmae
ERR3:1171350.620960	0	0	3	Eukaryota;Arthropoda;Insecta;Diptera;Chironomidae;Polypedilum;Polypedilum quadriguttatum
ERR3:1176730.721265	0	0	3	Eukaryota;Arthropoda;Insecta;Diptera;Drosophilidae;Scaptomyza;Scaptomyza palmae
ERR3:1185650.718343	0	0	3	Eukaryota;Arthropoda;Insecta;Coleoptera;Curculionidae;Chlorophanus;Chlorophanus sibiricus
ERR3:1196350.710654	0	0	3	Eukaryota;Arthropoda;Insecta;Diptera;Agromyzidae;Metopomyza;Metopomyza flavonotata
ERR3:1196590.713788	0	0	3	Eukaryota;Arthropoda;Insecta;Diptera;Drosophilidae;Scaptomyza;Scaptomyza palmae
ERR3:120420.731075	0	0	3	Eukaryota;Arthropoda;Insecta;Diptera;Chironomidae;Polypedilum;Polypedilum quadriguttatum
ERR3:1204970.669989	0	0	3	Eukaryota;Arthropoda;Insecta;Orthoptera;Tetrigidae;Alulatettix;Alulatettix yunnanensis
ERR3:1211790.702656	0	0	3	Eukaryota;Arthropoda;Insecta;Diptera;Chironomidae;Polypedilum;Polypedilum quadriguttatum
ERR3:121910.706605	0	0	3	Eukaryota;Arthropoda;Insecta;Diptera;Culicidae;Anopheles;Anopheles quadrimaculatus A
ERR3:1227300.689997	0	0	3	Eukaryota;Arthropoda;Branchiopoda;Diplostraca;Chydoridae;Pseudochydorus;Pseudochydorus globosus
ERR3:1227520.684558	0	0	3	Eukaryota;Platyhelminthes;Cestoda;Cyclophyllidea;Taeniidae;Hydatigera;Hydatigera krepkogorski
ERR3:1231700.705867	0	0	3	Eukaryota;Arthropoda;Insecta;Diptera;Clusiidae;Hendelia;Hendelia gladiator
ERR3:1238670.700017	0	0	3	Eukaryota;Arthropoda;Insecta;Diptera;Agromyzidae;Phytomyza;Phytomyza aquilegioides
ERR3:1241030.719147	0	0	3	Eukaryota;Arthropoda;Insecta;Diptera;Drosophilidae;Scaptomyza;Scaptomyza palmae
ERR3:1244520.719000	0	0	3	Eukaryota;Arthropoda;Insecta;Diptera;Chironomidae;Polypedilum;Polypedilum quadriguttatum
ERR3:1265510.644681	0	0	3	Eukaryota;Arthropoda;Insecta;Diptera;Drosophilidae;Scaptomyza;Scaptomyza palmae
ERR3:1278700.661382	0	0	3	Eukaryota;Arthropoda;Insecta;Diptera;Chironomidae;Polypedilum;Polypedilum quadriguttatum
ERR3:129890.672327	0	0	3	Eukaryota;Arthropoda;Insecta;Diptera;Agromyzidae;Cerodontha;Cerodontha atronitens
ERR3:1301580.704987	0	0	3	Eukaryota;Arthropoda;Insecta;Diptera;Chironomidae;Polypedilum;Polypedilum quadriguttatum
ERR3:1301650.687790	0	0	3	Eukaryota;Arthropoda;Insecta;Diptera;Sarcophagidae;Amobia;Amobia erythrura
ERR3:1304480.715169	0	0	3	Eukaryota;Arthropoda;Branchiopoda;Diplostraca;Chydoridae;Pseudochydorus;Pseudochydorus globosus
ERR3:1304770.704461	0	0	3	Eukaryota;Arthropoda;Insecta;Diptera;Drosophilidae;Scaptomyza;Scaptomyza palmae
ERR3:1306560.708508	0	0	3	Eukaryota;Arthropoda;Insecta;Diptera;Drosophilidae;Scaptomyza;Scaptomyza palmae
ERR3:1306610.730678	0	0	3	Eukaryota;Arthropoda;Insecta;Diptera;Culicidae;Anopheles;Anopheles quadrimaculatus A
ERR3:1307840.733238	0	0	3	Eukaryota;Arthropoda;Malacostraca;Decapoda;Parathelphusidae;Austrothelphusa;Austrothelphusa transversa
ERR3:1309370.730539	0	0	3	Eukaryota;Arthropoda;Insecta;Diptera;Syrphidae;Cheilosia;Cheilosia latifrons
ERR3:1310360.724362	0	0	3	Eukaryota;Arthropoda;Insecta;Coleoptera;Lucanidae;Lucanus;Lucanus hermani
ERR3:1311370.712985	0	0	3	Eukaryota;Arthropoda;Insecta;Orthoptera;Tettigoniidae;Eupholidoptera;Eupholidoptera uvarovi
ERR3:1323350.676720	0	0	3	Eukaryota;Chordata;Mammalia;Rodentia;Dipodidae;Jaculus;Jaculus jaculus
ERR3:1324780.703820	0	0	3	Eukaryota;Arthropoda;Insecta;Diptera;Drosophilidae;Scaptomyza;Scaptomyza palmae
ERR3:1325160.733483	0	0	3	Eukaryota;Chordata;Squamata;Pythonidae;Python;Python regius
ERR3:1341000.704797	0	0	3	Eukaryota;Arthropoda;Insecta;Diptera;Drosophilidae;Scaptomyza;Scaptomyza palmae
ERR3:134200.705418	0	0	3	Eukaryota;Arthropoda;Insecta;Diptera;Chironomidae;Polypedilum;Polypedilum quadriguttatum
ERR3:1344740.719939	0	0	3	Eukaryota;Arthropoda;Insecta;Diptera;Drosophilidae;Scaptomyza;Scaptomyza palmae
ERR3:1345110.691947	0	0	3	Eukaryota;Arthropoda;Insecta;Diptera;Agromyzidae;Cerodontha;Cerodontha atronitens
ERR3:1353520.629175	0	0	3	Eukaryota;Arthropoda;Insecta;Diptera;Drosophilidae;Scaptomyza;Scaptomyza palmae
ERR3:1359880.715819	0	0	3	Eukaryota;Arthropoda;Insecta;Diptera;Chironomidae;Polypedilum;Polypedilum quadriguttatum
ERR3:1364300.686802	0	0	3	Eukaryota;Arthropoda;Insecta;Diptera;Drosophilidae;Scaptomyza;Scaptomyza palmae
ERR3:136960.692332	0	0	3	Eukaryota;Arthropoda;Branchiopoda;Diplostraca;Chydoridae;Pseudochydorus;Pseudochydorus globosus
ERR3:137960.731640	0	0	3	Eukaryota;Arthropoda;Insecta;Diptera;Chironomidae;Polypedilum;Polypedilum quadriguttatum
ERR3:138920.713828	0	0	3	Eukaryota;Arthropoda;Insecta;Diptera;Tachinidae;Archytas;Archytas marmoratus
ERR3:141430.665602	0	0	3	Eukaryota;Arthropoda;Insecta;Diptera;Sarcophagidae;Amobia;Amobia erythrura
ERR3:154080.703312	0	0	3	Eukaryota;Arthropoda;Insecta;Diptera;Simuliidae;Simulium;Simulium sofiani
ERR3:155510.735029	0	0	3	Eukaryota;Arthropoda;Insecta;Diptera;Chironomidae;Orthocladius;Orthocladius telochaetus
ERR3:157050.719731	0	0	3	Eukaryota;Arthropoda;Insecta;Diptera;Drosophilidae;Pseudostegana;Pseudostegana angustifasciata
ERR3:15810.722708	0	0	3	Eukaryota;Chordata;Squamata;Pythonidae;Python;Python regius
ERR3:162110.718847	0	0	3	Eukaryota;Hemichordata;Enteropneusta;Ptychoderidae;Balanoglossus;Balanoglossus clavigerus
ERR3:162870.709499	0	0	3	Eukaryota;Chordata;Amphibia;Anura;Hyperoliidae;Hyperolius;Hyperolius ocellatus
ERR3:167470.717798	0	0	3	Eukaryota;Platyhelminthes;Cestoda;Proteocephalidea;Proteocephalidae;Proteocephalus;Proteocephalus macrocephalus
ERR3:178870.741194	0	0	3	Eukaryota;Chordata;Squamata;Sphaerodactylidae;Teratoscincus;Teratoscincus scincus
ERR3:18250.714008	0	0	3	Eukaryota;Arthropoda;Insecta;Diptera;Chironomidae;Orthocladius;Orthocladius telochaetus
ERR3:184220.715264	0	0	3	Eukaryota;Arthropoda;Insecta;Diptera;Drosophilidae;Pseudostegana;Pseudostegana angustifasciata
ERR3:195050.706256	0	0	3	Eukaryota;Chordata;Mammalia;Rodentia;Dipodidae;Jaculus;Jaculus jaculus
ERR3:200870.701182	0	0	3	Eukaryota;Arthropoda;Insecta;Diptera;Drosophilidae;Scaptomyza;Scaptomyza palmae
ERR3:209680.714002	0	0	3	Eukaryota;Arthropoda;Malacostraca;Decapoda;Alpheidae;Alpheus;Alpheus lobidens
ERR3:22000.722758	0	0	3	Eukaryota;Arthropoda;Insecta;Diptera;Drosophilidae;Drosophila;Drosophila karakasa
ERR3:228910.715296	0	0	3	Eukaryota;Arthropoda;Insecta;Trichoptera;Hydropsychidae;Hydropsyche;Hydropsyche yenisar
ERR3:233250.706306	0	0	3	Eukaryota;Arthropoda;Insecta;Diptera;Drosophilidae;Scaptomyza;Scaptomyza palmae
ERR3:24450.609213	0	0	3	Eukaryota;Arthropoda;Branchiopoda;Diplostraca;Chydoridae;Pseudochydorus;Pseudochydorus globosus
ERR3:247980.630051	1	0	2	Eukaryota;Arthropoda;Insecta;Diptera;Drosophilidae;Scaptomyza;Scaptomyza palmae
ERR3:248120.673731	0	0	3	Eukaryota;Arthropoda;Insecta;Diptera;Drosophilidae;Scaptomyza;Scaptomyza palmae
ERR3:255520.671733	0	0	3	Eukaryota;Arthropoda;Insecta;Diptera;Agromyzidae;Cerodontha;Cerodontha atronitens
ERR3:26800.669761	0	0	3	Eukaryota;Arthropoda;Insecta;Diptera;Sarcophagidae;Amobia;Amobia erythrura
ERR3:275070.658568	0	0	3	Eukaryota;Arthropoda;Insecta;Diptera;Drosophilidae;Scaptomyza;Scaptomyza palmae
ERR3:28620.681083	0	0	3	Eukaryota;Arthropoda;Insecta;Diptera;Sarcophagidae;Amobia;Amobia erythrura
ERR3:301110.710748	0	0	3	Eukaryota;Arthropoda;Insecta;Diptera;Drosophilidae;Scaptomyza;Scaptomyza palmae
ERR3:305220.680614	0	0	3	Eukaryota;Arthropoda;Insecta;Diptera;Culicidae;Anopheles;Anopheles quadrimaculatus A
ERR3:305740.710273	0	0	3	Eukaryota;Arthropoda;Insecta;Trichoptera;Hydropsychidae;Hydropsyche;Hydropsyche yenisar
ERR3:306150.711685	0	0	3	Eukaryota;Arthropoda;Insecta;Diptera;Drosophilidae;Drosophila;Drosophila setula
ERR3:306780.660575	0	0	3	Eukaryota;Arthropoda;Insecta;Diptera;Clusiidae;Hendelia;Hendelia gladiator
ERR3:30840.700859	0	0	3	Eukaryota;Arthropoda;Insecta;Diptera;Drosophilidae;Scaptomyza;Scaptomyza palmae
ERR3:310250.706111	0	0	3	Eukaryota;Chordata;Mammalia;Dasyuromorphia;Dasyuridae;Dasycercus;Dasycercus cristicauda
ERR3:37340.700510	0	0	3	Eukaryota;Arthropoda;Insecta;Diptera;Clusiidae;Hendelia;Hendelia gladiator
ERR3:383170.641376	0	0	3	Eukaryota;Arthropoda;Insecta;Diptera;Drosophilidae;Scaptomyza;Scaptomyza palmae
ERR3:39050.709684	0	0	3	Eukaryota;Arthropoda;Insecta;Diptera;Hybotidae;Platypalpus;Platypalpus clarandus
ERR3:39080.714042	0	0	3	Eukaryota;Arthropoda;Insecta;Diptera;Drosophilidae;Drosophila;Drosophila setula
ERR3:446800.638636	0	0	3	Eukaryota;Arthropoda;Insecta;Diptera;Drosophilidae;Scaptomyza;Scaptomyza palmae
ERR3:464920.713122	0	0	3	Eukaryota;Arthropoda;Insecta;Diptera;Drosophilidae;Scaptomyza;Scaptomyza palmae
ERR3:465310.716873	0	0	3	Eukaryota;Arthropoda;Insecta;Diptera;Drosophilidae;Scaptomyza;Scaptomyza palmae
ERR3:502700.715070	0	0	3	Eukaryota;Arthropoda;Insecta;Diptera;Clusiidae;Hendelia;Hendelia gladiator
ERR3:507810.705182	0	0	3	Eukaryota;Arthropoda;Insecta;Diptera;Syrphidae;Cheilosia;Cheilosia latifrons
ERR3:510000.646032	0	0	3	Eukaryota;Arthropoda;Insecta;Diptera;Drosophilidae;Scaptomyza;Scaptomyza palmae
ERR3:520640.694116	0	0	3	Eukaryota;Arthropoda;Insecta;Diptera;Drosophilidae;Scaptomyza;Scaptomyza palmae
ERR3:526950.709098	0	0	3	Eukaryota;Arthropoda;Malacostraca;Decapoda;Menippidae;Myomenippe;Myomenippe fornasinii
ERR3:540920.667803	0	0	3	Eukaryota;Arthropoda;Insecta;Diptera;Drosophilidae;Scaptomyza;Scaptomyza palmae
ERR3:550020.709507	0	0	3	Eukaryota;Arthropoda;Insecta;Diptera;Chironomidae;Orthocladius;Orthocladius telochaetus
ERR3:556900.704678	0	0	3	Eukaryota;Arthropoda;Insecta;Diptera;Agromyzidae;Metopomyza;Metopomyza flavonotata
ERR3:576770.692880	0	0	3	Eukaryota;Arthropoda;Insecta;Hymenoptera;Apidae;Ceratina;Ceratina tanganyicensis
ERR3:582050.715383	0	0	3	Eukaryota;Chordata;Amphibia;Anura;Hyperoliidae;Hyperolius;Hyperolius ocellatus
ERR3:589090.681256	0	0	3	Eukaryota;Arthropoda;Insecta;Diptera;Drosophilidae;Scaptomyza;Scaptomyza palmae
ERR3:602700.713875	0	0	3	Eukaryota;Arthropoda;Insecta;Diptera;Drosophilidae;Scaptomyza;Scaptomyza palmae
ERR3:632380.685961	0	0	3	Eukaryota;Arthropoda;Insecta;Diptera;Drosophilidae;Scaptomyza;Scaptomyza palmae
ERR3:634680.652776	0	0	3	Eukaryota;Arthropoda;Insecta;Diptera;Simuliidae;Simulium;Simulium podostemi
ERR3:640680.713336	0	0	3	Eukaryota;Arthropoda;Insecta;Diptera;Sarcophagidae;Amobia;Amobia erythrura
ERR3:65980.648719	0	0	3	Eukaryota;Arthropoda;Branchiopoda;Diplostraca;Chydoridae;Pseudochydorus;Pseudochydorus globosus
ERR3:661960.631629	0	0	3	Eukaryota;Arthropoda;Malacostraca;Decapoda;Alpheidae;Alpheus;Alpheus lobidens
ERR3:711980.635111	0	0	3	Eukaryota;Arthropoda;Insecta;Diptera;Agromyzidae;Cerodontha;Cerodontha atronitens
ERR3:713650.707495	0	0	3	Eukaryota;Arthropoda;Branchiopoda;Diplostraca;Chydoridae;Pseudochydorus;Pseudochydorus globosus
ERR3:716960.718704	0	0	3	Eukaryota;Arthropoda;Insecta;Hemiptera;Hydrometridae;Hydrometra;Hydrometra greeni
ERR3:729880.672676	0	0	3	Eukaryota;Arthropoda;Insecta;Diptera;Chironomidae;Polypedilum;Polypedilum quadriguttatum
ERR3:740260.706742	0	0	3	Eukaryota;Arthropoda;Insecta;Diptera;Agromyzidae;Phytomyza;Phytomyza aquilegioides
ERR3:779950.693814	0	0	3	Eukaryota;Arthropoda;Insecta;Diptera;Agromyzidae;Cerodontha;Cerodontha atronitens
ERR3:782380.708928	0	0	3	Eukaryota;Arthropoda;Insecta;Diptera;Drosophilidae;Scaptomyza;Scaptomyza palmae
ERR3:78460.719970	0	0	3	Eukaryota;Arthropoda;Insecta;Diptera;Drosophilidae;Scaptomyza;Scaptomyza palmae
ERR3:795050.701924	0	0	3	Eukaryota;Arthropoda;Insecta;Hemiptera;Cicadidae;Popplepsalta (nomen nudum);Popplepsalta aeroides (nomen nudum)
ERR3:795210.708294	0	0	3	Eukaryota;Arthropoda;Insecta;Coleoptera;Staphylinidae;Aleochara;Aleochara castaneipennis
ERR3:813660.716239	0	0	3	Eukaryota;Chordata;Mammalia;Rodentia;Dipodidae;Jaculus;Jaculus jaculus
ERR3:861890.699657	0	0	3	Eukaryota;Arthropoda;Insecta;Diptera;Drosophilidae;Scaptomyza;Scaptomyza palmae
ERR3:937470.624952	0	0	3	Eukaryota;Arthropoda;Insecta;Diptera;Drosophilidae;Scaptomyza;Scaptomyza palmae
ERR3:974190.692588	0	0	3	Eukaryota;Arthropoda;Insecta;Diptera;Mycetophilidae;Sciophila;Sciophila pseudoflexuosa
ERR1:152180.602737	1	1	0	Eukaryota;Arthropoda;Insecta;Diptera;Drosophilidae;Scaptomyza;Scaptomyza palmae
ERR1:179270.705996	2	0	0	Eukaryota;Arthropoda;Insecta;Diptera;Agromyzidae;Phytomyza;Phytomyza aquilegioides
ERR1:448660.611047	2	0	0	Eukaryota;Arthropoda;Insecta;Diptera;Agromyzidae;Cerodontha;Cerodontha atronitens
ERR1:531240.675891	2	0	0	Eukaryota;Arthropoda;Insecta;Diptera;Drosophilidae;Scaptomyza;Scaptomyza palmae
ERR1:629100.642016	2	0	0	Eukaryota;Arthropoda;Insecta;Diptera;Agromyzidae;Cerodontha;Cerodontha atronitens
ERR2:745080.609381	0	1	1	Eukaryota;Arthropoda;Insecta;Diptera;Drosophilidae;Scaptomyza;Scaptomyza palmae
ERR2:852500.698834	0	2	0	Eukaryota;Arthropoda;Insecta;Diptera;Sarcophagidae;Amobia;Amobia erythrura
ERR3:396250.646196	0	0	2	Eukaryota;Arthropoda;Insecta;Diptera;Drosophilidae;Scaptomyza;Scaptomyza palmae
ERR3:568750.703383	0	0	2	Eukaryota;Echinodermata;Ophiuroidea;Euryalida;Euryalidae;Asteromorpha;Asteromorpha rousseaui
ERR3:870150.695382	0	0	2	Eukaryota;Arthropoda;Insecta;Diptera;Sarcophagidae;Amobia;Amobia erythrura
ERR1:344830.644109	1	0	0	Eukaryota;Arthropoda;Insecta;Diptera;Chironomidae;Polypedilum;Polypedilum quadriguttatum
