OTU	ERR1308288	classification
5	Eukaryota;Annelida;Polychaeta;Eunicida;Amphinomidae;Chloeia;Chloeia parva
ERR1308288:1522630.690055	5036	Eukaryota;Arthropoda;Malacostraca;Decapoda;Cambaridae;Orconectes;Orconectes peruncus
ERR1308288:1010470.706549	3844	Eukaryota;Arthropoda;Insecta;Hymenoptera;Trigonalidae;Taeniogonalos;Taeniogonalos taihorina
ERR1308288:1006340.605803	3509	Eukaryota;Annelida;Polychaeta;Sabellida;Serpulidae;Protula;Protula pacifica
ERR1308288:100030.623441	2687	Eukaryota;Arthropoda;Insecta;Lepidoptera;Papilionidae;Parides;Parides vertumnus
ERR1308288:1012600.643290	980	Eukaryota;Porifera;Demospongiae;Halichondrida;Axinellidae;Ptilocaulis;Ptilocaulis walpersi
ERR1308288:1008230.626972	712	Eukaryota;Arthropoda;Malacostraca;Decapoda;Portunidae;Charybdis;Charybdis vadorum
ERR1308288:1952910.608456	614	Eukaryota;Porifera;Demospongiae;Hadromerida;Hemiasterellidae;Axos;Axos cliftoni
ERR1308288:1650300.691860	478	Eukaryota;Porifera;Demospongiae;Astrophorida;Geodiidae;Geodia;Geodia papyracea
ERR1308288:1005890.672620	443	Eukaryota;Annelida;Polychaeta;Eunicida;Amphinomidae;Chloeia;Chloeia parva
ERR1308288:1972310.626509	286	Eukaryota;Mollusca;Gastropoda;Gastropteridae;Sagaminopteron;Sagaminopteron nigropunctatus
ERR1308288:1007010.621107	275	Eukaryota;Chordata;Amphibia;Gymnophiona;Dermophiidae;Schistometopum;Schistometopum thomense
ERR1308288:1012660.623700	206	Eukaryota;Porifera;Demospongiae;Hadromerida;Tethyidae;Tethya;Tethya californiana
ERR1308288:1021460.687993	150	Eukaryota;Mollusca;Bivalvia;Veneroida;Cardiidae;Acanthocardia;Acanthocardia tuberculata
ERR1308288:1004430.661028	143	Eukaryota;Chordata;Testudines;Kinosternidae;Sternotherus;Sternotherus carinatus
ERR1308288:1011880.659262	138	Eukaryota;Entoprocta;Loxosomatidae;Loxocorone;Loxocorone allax
ERR1308288:1054530.658293	114	Eukaryota;Arthropoda;Insecta;Coleoptera;Silphidae;Ptomascopus;Ptomascopus morio
ERR1308288:1007600.637494	112	Eukaryota;Arthropoda;Maxillopoda;Cyclopoida;Cyclopidae;Thermocyclops;Thermocyclops crassus
ERR1308288:1097280.666080	107	Eukaryota;Entoprocta;Loxosomatidae;Loxocorone;Loxocorone allax
ERR1308288:1005350.631005	105	Eukaryota;Entoprocta;Loxosomatidae;Loxocorone;Loxocorone allax
ERR1308288:1048250.717424	105	Eukaryota;Chordata;Testudines;Kinosternidae;Sternotherus;Sternotherus carinatus
ERR1308288:1011940.639366	98	Eukaryota;Nematoda;Chromadorea;Rhabditida;Metastrongylidae;Metastrongylus;Metastrongylus salmi
ERR1308288:1117210.633969	88	Eukaryota;Arthropoda;Insecta;Lepidoptera;Erebidae;Amata;Amata formosae
ERR1308288:1004410.624480	85	Eukaryota;Arthropoda;Insecta;Lepidoptera;Erebidae;Amata;Amata formosae
ERR1308288:1023420.645819	85	Eukaryota;Nematoda;Chromadorea;Rhabditida;Metastrongylidae;Metastrongylus;Metastrongylus salmi
ERR1308288:1027930.609820	82	Eukaryota;Porifera;Demospongiae;Hadromerida;Tethyidae;Tethya;Tethya californiana
ERR1308288:11870.676521	65	Eukaryota;Arthropoda;Insecta;Hymenoptera;Braconidae;Phanerotoma;Phanerotoma flava
ERR1308288:101050.606041	64	Eukaryota;Chordata;Actinopteri;Cypriniformes;Cyprinidae;Rhodeus;Rhodeus sinensis
ERR1308288:1035010.714734	62	Eukaryota;Chordata;Amphibia;Gymnophiona;Dermophiidae;Schistometopum;Schistometopum thomense
ERR1308288:1048460.704923	59	Eukaryota;Arthropoda;Arachnida;Mesostigmata;Ameroseiidae;Neocypholaelaps;Neocypholaelaps apicola
ERR1308288:11060.706244	53	Eukaryota;Entoprocta;Loxosomatidae;Loxocorone;Loxocorone allax
ERR1308288:1014610.668976	48	Eukaryota;Cnidaria;Anthozoa;Scleractinia;Siderastreidae;Pseudosiderastrea;Pseudosiderastrea formosa
ERR1308288:1089370.649969	47	Eukaryota;Echinodermata;Crinoidea;Cyrtocrinida;Holopodidae;Holopus;Holopus rangii
ERR1308288:1879720.657126	47	Eukaryota;Chordata;Actinopteri;Clupeiformes;Engraulidae;Amazonsprattus;Amazonsprattus scintilla
ERR1308288:1044890.609525	44	Eukaryota;Chordata;Amphibia;Gymnophiona;Dermophiidae;Schistometopum;Schistometopum thomense
ERR1308288:1011300.633671	43	Eukaryota;Arthropoda;Arachnida;Mesostigmata;Ameroseiidae;Neocypholaelaps;Neocypholaelaps apicola
ERR1308288:1484210.714215	42	Eukaryota;Arthropoda;Insecta;Hymenoptera;Braconidae;Phanerotoma;Phanerotoma flava
ERR1308288:1005720.640955	40	Eukaryota;Annelida;Polychaeta;Eunicida;Amphinomidae;Chloeia;Chloeia parva
ERR1308288:1024910.655734	40	Eukaryota;Arthropoda;Arachnida;Mesostigmata;Ameroseiidae;Neocypholaelaps;Neocypholaelaps apicola
ERR1308288:1177860.667866	37	Eukaryota;Chordata;Ascidiacea;Enterogona;Corellidae;Rhodosoma;Rhodosoma turcicum
ERR1308288:1337790.603021	36	Eukaryota;Porifera;Demospongiae;Hadromerida;Tethyidae;Tethya;Tethya californiana
ERR1308288:1062360.676434	35	Eukaryota;Chordata;Mammalia;Rodentia;Heteromyidae;Dipodomys;Dipodomys heermanni
ERR1308288:1028230.618192	33	Eukaryota;Annelida;Polychaeta;Eunicida;Amphinomidae;Chloeia;Chloeia parva
ERR1308288:1121770.604263	30	Eukaryota;Arthropoda;Malacostraca;Decapoda;Callianassidae;Nihonotrypaea;Nihonotrypaea thermophila
ERR1308288:1160430.669173	30	Eukaryota;Nematoda;Chromadorea;Rhabditida;Dictyocaulidae;Dictyocaulus;Dictyocaulus eckerti
ERR1308288:1055410.637115	28	Eukaryota;Entoprocta;Loxosomatidae;Loxosomella;Loxosomella aloxiata
ERR1308288:1077380.686730	28	Eukaryota;Entoprocta;Loxosomatidae;Loxosomella;Loxosomella aloxiata
ERR1308288:137120.636814	27	Eukaryota;Rotifera;Monogononta;Ploima;Synchaetidae;Polyarthra;Polyarthra dolichoptera
ERR1308288:1026510.716647	25	Eukaryota;Arthropoda;Malacostraca;Decapoda;Cambaridae;Orconectes;Orconectes harrisoni
ERR1308288:1553450.679525	24	Eukaryota;Arthropoda;Arachnida;Araneae;Cybaeidae;Cybaeus;Cybaeus hesper
ERR1308288:1035950.694390	23	Eukaryota;Mollusca;Bivalvia;Veneroida;Galeommatidae;Galeomma;Galeomma turtoni
ERR1308288:1175690.640716	22	Eukaryota;Arthropoda;Maxillopoda;Cyclopoida;Cyclopidae;Thermocyclops;Thermocyclops oithonoides
ERR1308288:1040320.678440	21	Eukaryota;Chordata;Amphibia;Gymnophiona;Dermophiidae;Schistometopum;Schistometopum thomense
ERR1308288:1200630.638994	21	Eukaryota;Chordata;Ascidiacea;Stolidobranchia;Styelidae;Cnemidocarpa;Cnemidocarpa verrucosa
ERR1308288:1123440.618901	20	Eukaryota;Annelida;Polychaeta;Sabellida;Serpulidae;Serpula;Serpula vermicularis
ERR1308288:113010.655283	20	Eukaryota;Annelida;Hirudinida;Arhynchobdellida;Haemadipsidae;Neoterrabdella;Neoterrabdella australis
ERR1308288:1144210.607431	20	Eukaryota;Arthropoda;Insecta;Coleoptera;Silphidae;Ptomascopus;Ptomascopus morio
ERR1308288:1271170.670843	20	Eukaryota;Arthropoda;Malacostraca;Decapoda;Portunidae;Charybdis;Charybdis vadorum
ERR1308288:118620.620402	19	Eukaryota;Arthropoda;Malacostraca;Decapoda;Portunidae;Charybdis;Charybdis vadorum
ERR1308288:1199240.689302	19	Eukaryota;Chordata;Ascidiacea;Stolidobranchia;Styelidae;Cnemidocarpa;Cnemidocarpa verrucosa
ERR1308288:1511970.684582	19	Eukaryota;Mollusca;Bivalvia;Veneroida;Galeommatidae;Galeomma;Galeomma turtoni
ERR1308288:1049900.618547	18	Eukaryota;Cnidaria;Hydrozoa;Siphonophorae;Physophoridae;Physophora;Physophora hydrostatica
ERR1308288:1131820.690786	18	Eukaryota;Porifera;Demospongiae;Hadromerida;Hemiasterellidae;Axos;Axos cliftoni
ERR1308288:1049520.658035	16	Eukaryota;Chordata;Ascidiacea;Stolidobranchia;Styelidae;Cnemidocarpa;Cnemidocarpa verrucosa
ERR1308288:1065230.742512	16	Eukaryota;Arthropoda;Insecta;Diptera;Drosophilidae;Apenthecia;Apenthecia argentata
ERR1308288:1158090.624656	16	Eukaryota;Annelida;Polychaeta;Eunicida;Amphinomidae;Chloeia;Chloeia parva
ERR1308288:1257170.663117	16	Eukaryota;Arthropoda;Malacostraca;Decapoda;Cambaridae;Orconectes;Orconectes jeffersoni
ERR1308288:197930.636063	16	Eukaryota;Annelida;Polychaeta;Eunicida;Amphinomidae;Chloeia;Chloeia parva
ERR1308288:1006170.613412	15	Eukaryota;Chordata;Amphibia;Gymnophiona;Dermophiidae;Schistometopum;Schistometopum thomense
ERR1308288:1098790.667669	15	Eukaryota;Platyhelminthes;Cestoda;Cyclophyllidea;Dipylidiidae;Dipylidium;Dipylidium caninum
ERR1308288:1038480.662379	14	Eukaryota;Annelida;Polychaeta;Eunicida;Amphinomidae;Chloeia;Chloeia parva
ERR1308288:1067190.618729	14	Eukaryota;Annelida;Polychaeta;Eunicida;Amphinomidae;Chloeia;Chloeia parva
ERR1308288:1175310.651568	14	Eukaryota;Nematoda;Chromadorea;Rhabditida;Dictyocaulidae;Dictyocaulus;Dictyocaulus eckerti
ERR1308288:1254530.605125	14	Eukaryota;Mollusca;Bivalvia;Veneroida;Galeommatidae;Galeomma;Galeomma turtoni
ERR1308288:2650700.680787	14	Eukaryota;Entoprocta;Loxosomatidae;Loxosomella;Loxosomella aloxiata
ERR1308288:1305920.653981	13	Eukaryota;Porifera;Demospongiae;Halichondrida;Axinellidae;Ptilocaulis;Ptilocaulis walpersi
ERR1308288:1002510.611978	12	Eukaryota;Nematoda;Chromadorea;Ascaridida;Ascarididae;Baylisascaris;Baylisascaris ailuri
ERR1308288:1048660.645772	12	Eukaryota;Annelida;Polychaeta;Eunicida;Amphinomidae;Chloeia;Chloeia parva
ERR1308288:1089340.641388	12	Eukaryota;Arthropoda;Insecta;Hymenoptera;Braconidae;Phanerotoma;Phanerotoma flava
ERR1308288:1143530.666283	12	Eukaryota;Arthropoda;Malacostraca;Amphipoda;Crangonyctidae;Crangonyx;Crangonyx pseudogracilis
ERR1308288:126460.716633	12	Eukaryota;Arthropoda;Pycnogonida;Pantopoda;Ammotheidae;Achelia;Achelia bituberculata
ERR1308288:1390440.630232	12	Eukaryota;Arthropoda;Insecta;Coleoptera;Coccinellidae;Anegleis;Anegleis cardoni
ERR1308288:1435920.623233	12	Eukaryota;Arthropoda;Insecta;Hymenoptera;Braconidae;Phanerotoma;Phanerotoma flava
ERR1308288:1494500.664480	12	Eukaryota;Porifera;Demospongiae;Astrophorida;Geodiidae;Geodia;Geodia papyracea
ERR1308288:1637530.687194	12	Eukaryota;Nematoda;Chromadorea;Rhabditida;Dictyocaulidae;Dictyocaulus;Dictyocaulus eckerti
ERR1308288:1069730.630163	11	Eukaryota;Arthropoda;Insecta;Coleoptera;Silphidae;Ptomascopus;Ptomascopus morio
ERR1308288:1123560.609865	11	Eukaryota;Annelida;Polychaeta;Sabellida;Serpulidae;Protula;Protula pacifica
ERR1308288:13330.616990	11	Eukaryota;Mollusca;Gastropoda;Lottiidae;Lottia;Lottia strigatella
ERR1308288:1437950.619451	11	Eukaryota;Nematoda;Chromadorea;Rhabditida;Protostrongylidae;Protostrongylus;Protostrongylus rufescens
ERR1308288:208530.663196	11	Eukaryota;Arthropoda;Arachnida;Mesostigmata;Ameroseiidae;Neocypholaelaps;Neocypholaelaps apicola
ERR1308288:1004360.649787	10	Eukaryota;Arthropoda;Insecta;Hymenoptera;Braconidae;Phanerotoma;Phanerotoma flava
ERR1308288:1066210.651594	10	Eukaryota;Entoprocta;Loxosomatidae;Loxocorone;Loxocorone allax
ERR1308288:1164310.691409	10	Eukaryota;Nematoda;Chromadorea;Rhabditida;Dictyocaulidae;Dictyocaulus;Dictyocaulus eckerti
ERR1308288:1190100.660741	10	Eukaryota;Arthropoda;Malacostraca;Decapoda;Cambaridae;Orconectes;Orconectes carolinensis
ERR1308288:1206930.639426	10	Eukaryota;Porifera;Demospongiae;Astrophorida;Geodiidae;Geodia;Geodia papyracea
ERR1308288:1239990.621136	10	Eukaryota;Nematoda;Chromadorea;Rhabditida;Metastrongylidae;Metastrongylus;Metastrongylus salmi
ERR1308288:1348480.627052	10	Eukaryota;Chordata;Amphibia;Caudata;Plethodontidae;Hydromantes;Hydromantes brunus
ERR1308288:1385250.680426	10	Eukaryota;Chordata;Ascidiacea;Stolidobranchia;Styelidae;Cnemidocarpa;Cnemidocarpa verrucosa
ERR1308288:1418830.612728	10	Eukaryota;Chordata;Ascidiacea;Stolidobranchia;Styelidae;Cnemidocarpa;Cnemidocarpa verrucosa
ERR1308288:1469640.625165	10	Eukaryota;Cnidaria;Scyphozoa;Stauromedusae;Lucernariidae;Haliclystus;Haliclystus sanjuanensis
ERR1308288:1626300.691687	10	Eukaryota;Arthropoda;Malacostraca;Decapoda;Cambaridae;Orconectes;Orconectes harrisoni
ERR1308288:2542350.606755	10	Eukaryota;Mollusca;Gastropoda;Vertiginidae;Vertigo;Vertigo pusilla
ERR1308288:2695700.720071	10	Eukaryota;Nematoda;Chromadorea;Rhabditida;Metastrongylidae;Metastrongylus;Metastrongylus salmi
ERR1308288:2761860.600745	10	Eukaryota;Annelida;Polychaeta;Eunicida;Amphinomidae;Chloeia;Chloeia parva
ERR1308288:1006080.678293	9	Eukaryota;Mollusca;Gastropoda;Gastropteridae;Sagaminopteron;Sagaminopteron nigropunctatus
ERR1308288:1096830.629400	9	Eukaryota;Arthropoda;Insecta;Diptera;Mycetophilidae;Mycetophila;Mycetophila lunata
ERR1308288:1197150.632234	9	Eukaryota;Arthropoda;Insecta;Hymenoptera;Braconidae;Phanerotoma;Phanerotoma flava
ERR1308288:1298460.628396	9	Eukaryota;Chordata;Amphibia;Caudata;Plethodontidae;Hydromantes;Hydromantes brunus
ERR1308288:1378820.610416	9	Eukaryota;Chordata;Ascidiacea;Stolidobranchia;Styelidae;Cnemidocarpa;Cnemidocarpa verrucosa
ERR1308288:1776250.617276	9	Eukaryota;Arthropoda;Arachnida;Mesostigmata;Ameroseiidae;Neocypholaelaps;Neocypholaelaps apicola
ERR1308288:1008990.626362	8	Eukaryota;Annelida;Hirudinida;Arhynchobdellida;Haemadipsidae;Haemadipsa;Haemadipsa montana
ERR1308288:1071280.622644	8	Eukaryota;Annelida;Polychaeta;Eunicida;Amphinomidae;Chloeia;Chloeia parva
ERR1308288:1084000.682687	8	Eukaryota;Annelida;Hirudinida;Arhynchobdellida;Haemadipsidae;Philaemon;Philaemon pungens
ERR1308288:1110130.710011	8	Eukaryota;Chordata;Ascidiacea;Stolidobranchia;Styelidae;Cnemidocarpa;Cnemidocarpa verrucosa
ERR1308288:1200330.617295	8	Eukaryota;Arthropoda;Insecta;Hymenoptera;Braconidae;Phanerotoma;Phanerotoma flava
ERR1308288:1203490.693038	8	Eukaryota;Arthropoda;Insecta;Diptera;Mycetophilidae;Mycetophila;Mycetophila lunata
ERR1308288:1205010.662433	8	Eukaryota;Nematoda;Chromadorea;Ascaridida;Cucullanidae;Cucullanus;Cucullanus robustus
ERR1308288:1209410.689346	8	Eukaryota;Porifera;Demospongiae;Poecilosclerida;Podospongiidae;Diacarnus;Diacarnus spinipoculum
ERR1308288:1333120.723524	8	Eukaryota;Chordata;Ascidiacea;Stolidobranchia;Styelidae;Cnemidocarpa;Cnemidocarpa verrucosa
ERR1308288:1499210.651261	8	Eukaryota;Arthropoda;Malacostraca;Decapoda;Cambaridae;Orconectes;Orconectes jeffersoni
ERR1308288:1538170.675497	8	Eukaryota;Chordata;Ascidiacea;Stolidobranchia;Styelidae;Cnemidocarpa;Cnemidocarpa verrucosa
ERR1308288:1562450.700332	8	Eukaryota;Platyhelminthes;Cestoda;Cyclophyllidea;Dipylidiidae;Dipylidium;Dipylidium caninum
ERR1308288:1579140.628837	8	Eukaryota;Porifera;Demospongiae;Astrophorida;Geodiidae;Geodia;Geodia papyracea
ERR1308288:1712790.606999	8	Eukaryota;Arthropoda;Malacostraca;Decapoda;Cambaridae;Procambarus;Procambarus toltecae
ERR1308288:1742250.714946	8	Eukaryota;Arthropoda;Malacostraca;Decapoda;Cambaridae;Orconectes;Orconectes jeffersoni
ERR1308288:1039510.612381	7	Eukaryota;Arthropoda;Insecta;Lepidoptera;Papilionidae;Parides;Parides vertumnus
ERR1308288:1044720.637439	7	Eukaryota;Arthropoda;Insecta;Hymenoptera;Braconidae;Phanerotoma;Phanerotoma flava
ERR1308288:1103580.692105	7	Eukaryota;Porifera;Demospongiae;Hadromerida;Tethyidae;Tethya;Tethya californiana
ERR1308288:1155560.611855	7	Eukaryota;Arthropoda;Insecta;Hymenoptera;Braconidae;Phanerotoma;Phanerotoma flava
ERR1308288:1202570.679151	7	Eukaryota;Arthropoda;Insecta;Hymenoptera;Trigonalidae;Taeniogonalos;Taeniogonalos taihorina
ERR1308288:1306640.691373	7	Eukaryota;Porifera;Demospongiae;Astrophorida;Geodiidae;Geodia;Geodia papyracea
ERR1308288:14010.674170	7	Eukaryota;Annelida;Hirudinida;Arhynchobdellida;Haemadipsidae;Haemadipsa;Haemadipsa montana
ERR1308288:1447750.625241	7	Eukaryota;Platyhelminthes;Cestoda;Cyclophyllidea;Dipylidiidae;Dipylidium;Dipylidium caninum
ERR1308288:1447990.652454	7	Eukaryota;Arthropoda;Arachnida;Mesostigmata;Ameroseiidae;Neocypholaelaps;Neocypholaelaps apicola
ERR1308288:1518010.667268	7	Eukaryota;Annelida;Polychaeta;Eunicida;Amphinomidae;Chloeia;Chloeia parva
ERR1308288:1544140.726091	7	Eukaryota;Arthropoda;Insecta;Lepidoptera;Nymphalidae;Palla;Palla ussheri
ERR1308288:1768530.712004	7	Eukaryota;Nematoda;Chromadorea;Oxyurida;Oxyuridae;Wellcomia;Wellcomia siamensis
ERR1308288:1944090.607958	7	Eukaryota;Mollusca;Bivalvia;Veneroida;Mactridae;Lutraria;Lutraria rhynchaena
ERR1308288:1983870.652309	7	Eukaryota;Arthropoda;Insecta;Ephemeroptera;Siphlonuridae;Siphluriscus;Siphluriscus chinensis
ERR1308288:246430.601360	7	Eukaryota;Chordata;Ascidiacea;Stolidobranchia;Styelidae;Cnemidocarpa;Cnemidocarpa verrucosa
ERR1308288:2531060.624832	7	Eukaryota;Chordata;Amphibia;Caudata;Plethodontidae;Hydromantes;Hydromantes brunus
ERR1308288:3195090.612581	7	Eukaryota;Arthropoda;Insecta;Coleoptera;Curculionidae;Sphenophorus;Sphenophorus incurrens
ERR1308288:3203660.717848	7	Eukaryota;Arthropoda;Insecta;Diptera;Muscidae;Lispe;Lispe orientalis
ERR1308288:1003760.654702	6	Eukaryota;Annelida;Polychaeta;Eunicida;Amphinomidae;Chloeia;Chloeia parva
ERR1308288:1059750.716933	6	Eukaryota;Arthropoda;Insecta;Hymenoptera;Braconidae;Phanerotoma;Phanerotoma flava
ERR1308288:1079150.612536	6	Eukaryota;Chordata;Ascidiacea;Stolidobranchia;Styelidae;Cnemidocarpa;Cnemidocarpa verrucosa
ERR1308288:1090460.669086	6	Eukaryota;Annelida;Polychaeta;Eunicida;Amphinomidae;Chloeia;Chloeia parva
ERR1308288:1095850.618277	6	Eukaryota;Chordata;Ascidiacea;Stolidobranchia;Styelidae;Cnemidocarpa;Cnemidocarpa verrucosa
ERR1308288:1156550.674292	6	Eukaryota;Annelida;Hirudinida;Arhynchobdellida;Haemadipsidae;Haemadipsa;Haemadipsa montana
ERR1308288:1166230.631771	6	Eukaryota;Chordata;Ascidiacea;Stolidobranchia;Styelidae;Cnemidocarpa;Cnemidocarpa verrucosa
ERR1308288:127120.688675	6	Eukaryota;Annelida;Polychaeta;Sabellida;Serpulidae;Crucigera;Crucigera zygophora
ERR1308288:1279960.656296	6	Eukaryota;Nematoda;Chromadorea;Rhabditida;Trichostrongylidae;Trichostrongylus;Trichostrongylus vitrinus
ERR1308288:1332070.621842	6	Eukaryota;Annelida;Polychaeta;Eunicida;Amphinomidae;Chloeia;Chloeia parva
ERR1308288:1381880.637072	6	Eukaryota;Annelida;Polychaeta;Sabellida;Serpulidae;Crucigera;Crucigera zygophora
ERR1308288:1388730.642178	6	Eukaryota;Arthropoda;Malacostraca;Decapoda;Cambaridae;Hobbseus;Hobbseus valleculus
ERR1308288:1504000.626789	6	Eukaryota;Annelida;Polychaeta;Eunicida;Amphinomidae;Chloeia;Chloeia parva
ERR1308288:1693540.659369	6	Eukaryota;Chordata;Ascidiacea;Stolidobranchia;Styelidae;Cnemidocarpa;Cnemidocarpa verrucosa
ERR1308288:175410.601140	6	Eukaryota;Arthropoda;Malacostraca;Decapoda;Parastacidae;Engaeus;Engaeus fossor
ERR1308288:1782540.620543	6	Eukaryota;Annelida;Hirudinida;Arhynchobdellida;Haemadipsidae;Haemadipsa;Haemadipsa montana
ERR1308288:1814090.610526	6	Eukaryota;Arthropoda;Insecta;Coleoptera;Coccinellidae;Anegleis;Anegleis cardoni
ERR1308288:1839190.606192	6	Eukaryota;Chordata;Mammalia;Rodentia;Heteromyidae;Dipodomys;Dipodomys heermanni
ERR1308288:2234210.682666	6	Eukaryota;Cnidaria;Calicogorgia;Calicogorgia granulosa
ERR1308288:2338960.647459	6	Eukaryota;Annelida;Polychaeta;Eunicida;Amphinomidae;Chloeia;Chloeia parva
ERR1308288:252900.661974	6	Eukaryota;Nematoda;Chromadorea;Rhabditida;Dictyocaulidae;Dictyocaulus;Dictyocaulus eckerti
ERR1308288:2550290.671199	6	Eukaryota;Annelida;Polychaeta;Eunicida;Amphinomidae;Chloeia;Chloeia parva
ERR1308288:2709170.626766	6	Eukaryota;Arthropoda;Malacostraca;Decapoda;Cambaridae;Orconectes;Orconectes peruncus
ERR1308288:2859370.644272	6	Eukaryota;Chordata;Amphibia;Gymnophiona;Dermophiidae;Schistometopum;Schistometopum thomense
ERR1308288:3030570.702998	6	Eukaryota;Chordata;Ascidiacea;Stolidobranchia;Styelidae;Cnemidocarpa;Cnemidocarpa verrucosa
ERR1308288:3642300.614849	6	Eukaryota;Arthropoda;Malacostraca;Decapoda;Cambaridae;Orconectes;Orconectes harrisoni
ERR1308288:1087820.682560	5	Eukaryota;Nematoda;Chromadorea;Rhabditida;Dictyocaulidae;Dictyocaulus;Dictyocaulus eckerti
ERR1308288:1088750.603801	5	Eukaryota;Arthropoda;Insecta;Hymenoptera;Braconidae;Phanerotoma;Phanerotoma flava
ERR1308288:1103820.671597	5	Eukaryota;Porifera;Demospongiae;Halichondrida;Axinellidae;Ptilocaulis;Ptilocaulis walpersi
ERR1308288:113730.608384	5	Eukaryota;Rotifera;Monogononta;Ploima;Brachionidae;Keratella;Keratella cochlearis
ERR1308288:1181400.709634	5	Eukaryota;Annelida;Hirudinida;Arhynchobdellida;Haemadipsidae;Haemadipsa;Haemadipsa montana
ERR1308288:1188260.673576	5	Eukaryota;Nematoda;Chromadorea;Rhabditida;Metastrongylidae;Metastrongylus;Metastrongylus pudendotectus
ERR1308288:1195040.641055	5	Eukaryota;Porifera;Demospongiae;Halichondrida;Axinellidae;Ptilocaulis;Ptilocaulis walpersi
ERR1308288:1308750.632344	5	Eukaryota;Annelida;Polychaeta;Eunicida;Amphinomidae;Chloeia;Chloeia parva
ERR1308288:132710.640610	5	Eukaryota;Porifera;Demospongiae;Hadromerida;Tethyidae;Tethya;Tethya actinia
ERR1308288:1406100.719544	5	Eukaryota;Porifera;Demospongiae;Hadromerida;Tethyidae;Tethya;Tethya californiana
ERR1308288:1464780.670895	5	Eukaryota;Annelida;Polychaeta;Eunicida;Amphinomidae;Chloeia;Chloeia parva
ERR1308288:1469980.748195	5	Eukaryota;Porifera;Demospongiae;Halichondrida;Axinellidae;Ptilocaulis;Ptilocaulis walpersi
ERR1308288:1495490.668978	5	Eukaryota;Chordata;Ascidiacea;Stolidobranchia;Styelidae;Cnemidocarpa;Cnemidocarpa verrucosa
ERR1308288:1606540.679806	5	Eukaryota;Arthropoda;Insecta;Lepidoptera;Papilionidae;Parides;Parides vertumnus
ERR1308288:1756690.706214	5	Eukaryota;Arthropoda;Maxillopoda;Cyclopoida;Cyclopidae;Thermocyclops;Thermocyclops crassus
ERR1308288:1794820.699678	5	Eukaryota;Chordata;Ascidiacea;Stolidobranchia;Styelidae;Cnemidocarpa;Cnemidocarpa verrucosa
ERR1308288:1836340.622070	5	Eukaryota;Annelida;Polychaeta;Eunicida;Amphinomidae;Chloeia;Chloeia parva
ERR1308288:198840.712952	5	Eukaryota;Arthropoda;Malacostraca;Decapoda;Parastacidae;Engaeus;Engaeus fossor
ERR1308288:2077880.606320	5	Eukaryota;Arthropoda;Malacostraca;Decapoda;Portunidae;Charybdis;Charybdis vadorum
ERR1308288:2357950.634113	5	Eukaryota;Mollusca;Gastropoda;Lottiidae;Lottia;Lottia argrantesta
ERR1308288:2556490.666337	5	Eukaryota;Cnidaria;Anthozoa;Alcyonacea;Gorgoniidae;Antillogorgia;Antillogorgia bipinnata
ERR1308288:2565390.619007	5	Eukaryota;Porifera;Demospongiae;Hadromerida;Hemiasterellidae;Axos;Axos cliftoni
ERR1308288:2610950.658357	5	Eukaryota;Annelida;Polychaeta;Sabellida;Serpulidae;Protula;Protula pacifica
ERR1308288:2856970.656659	5	Eukaryota;Annelida;Polychaeta;Eunicida;Amphinomidae;Chloeia;Chloeia parva
ERR1308288:1011080.667986	4	Eukaryota;Porifera;Demospongiae;Poecilosclerida;Podospongiidae;Diacarnus;Diacarnus spinipoculum
ERR1308288:1066290.601288	4	Eukaryota;Nematoda;Chromadorea;Rhabditida;Dictyocaulidae;Dictyocaulus;Dictyocaulus eckerti
ERR1308288:107640.627093	4	Eukaryota;Nematoda;Chromadorea;Rhabditida;Filaroididae;Parafilaroides;Parafilaroides normani
ERR1308288:107720.670353	4	Eukaryota;Rotifera;Monogononta;Ploima;Brachionidae;Keratella;Keratella cochlearis
ERR1308288:1077640.705617	4	Eukaryota;Chordata;Ascidiacea;Stolidobranchia;Styelidae;Cnemidocarpa;Cnemidocarpa verrucosa
ERR1308288:1085320.708244	4	Eukaryota;Arthropoda;Insecta;Hemiptera;Aleyrodidae;Vasdavidius;Vasdavidius concursus
ERR1308288:1098180.710967	4	Eukaryota;Chordata;Ascidiacea;Stolidobranchia;Styelidae;Cnemidocarpa;Cnemidocarpa verrucosa
ERR1308288:1099520.710998	4	Eukaryota;Annelida;Polychaeta;Eunicida;Amphinomidae;Chloeia;Chloeia parva
ERR1308288:110910.677137	4	Eukaryota;Chordata;Ascidiacea;Stolidobranchia;Styelidae;Cnemidocarpa;Cnemidocarpa verrucosa
ERR1308288:1118890.676875	4	Eukaryota;Arthropoda;Insecta;Phthiraptera;Haematopinidae;Haematopinus;Haematopinus asini
ERR1308288:1168050.678196	4	Eukaryota;Mollusca;Gastropoda;Vertiginidae;Vertigo;Vertigo pusilla
ERR1308288:1170060.617080	4	Eukaryota;Arthropoda;Malacostraca;Decapoda;Portunidae;Charybdis;Charybdis vadorum
ERR1308288:1241640.716219	4	Eukaryota;Mollusca;Gastropoda;Vertiginidae;Vertigo;Vertigo pusilla
ERR1308288:1319860.657724	4	Eukaryota;Annelida;Hirudinida;Arhynchobdellida;Haemadipsidae;Haemadipsa;Haemadipsa montana
ERR1308288:1320330.666460	4	Eukaryota;Arthropoda;Malacostraca;Decapoda;Portunidae;Charybdis;Charybdis vadorum
ERR1308288:1330320.679500	4	Eukaryota;Annelida;Polychaeta;Eunicida;Amphinomidae;Chloeia;Chloeia parva
ERR1308288:1332100.714761	4	Eukaryota;Arthropoda;Insecta;Lepidoptera;Erebidae;Amata;Amata formosae
ERR1308288:1344800.695869	4	Eukaryota;Mollusca;Bivalvia;Veneroida;Galeommatidae;Galeomma;Galeomma turtoni
ERR1308288:1363140.695409	4	Eukaryota;Annelida;Polychaeta;Eunicida;Amphinomidae;Chloeia;Chloeia parva
ERR1308288:1381190.617329	4	Eukaryota;Mollusca;Polyplacophora;Neoloricata;Chitonidae;Acanthopleura;Acanthopleura loochooana
ERR1308288:1383800.661860	4	Eukaryota;Arthropoda;Insecta;Diptera;Drosophilidae;Drosophila;Drosophila haleakalae
ERR1308288:1508670.678364	4	Eukaryota;Annelida;Polychaeta;Eunicida;Amphinomidae;Chloeia;Chloeia parva
ERR1308288:1527990.641370	4	Eukaryota;Annelida;Polychaeta;Eunicida;Amphinomidae;Chloeia;Chloeia parva
ERR1308288:1528800.651127	4	Eukaryota;Arthropoda;Arachnida;Scorpiones;Bothriuridae;Brachistosternus;Brachistosternus ninapo
ERR1308288:1770780.719601	4	Eukaryota;Annelida;Polychaeta;Eunicida;Amphinomidae;Chloeia;Chloeia parva
ERR1308288:1811690.707935	4	Eukaryota;Nemertea;Enopla;Monostilifera;Emplectonematidae;Nemertopsis;Nemertopsis tetraclitophila
ERR1308288:1837150.609798	4	Eukaryota;Arthropoda;Insecta;Diptera;Drosophilidae;Drosophila;Drosophila tsacasi
ERR1308288:1870880.653086	4	Eukaryota;Annelida;Polychaeta;Eunicida;Amphinomidae;Chloeia;Chloeia parva
ERR1308288:191180.663181	4	Eukaryota;Chordata;Ascidiacea;Stolidobranchia;Styelidae;Cnemidocarpa;Cnemidocarpa verrucosa
ERR1308288:1930230.620919	4	Eukaryota;Mollusca;Gastropoda;Camaenidae;Amphidromus;Amphidromus inversus
ERR1308288:1965600.658727	4	Eukaryota;Mollusca;Bivalvia;Veneroida;Cardiidae;Acanthocardia;Acanthocardia tuberculata
ERR1308288:2007560.657017	4	Eukaryota;Chordata;Ascidiacea;Enterogona;Corellidae;Rhodosoma;Rhodosoma turcicum
ERR1308288:202270.610253	4	Eukaryota;Arthropoda;Maxillopoda;Cyclopoida;Cyclopidae;Thermocyclops;Thermocyclops oithonoides
ERR1308288:2050240.682537	4	Eukaryota;Arthropoda;Insecta;Hymenoptera;Trigonalidae;Taeniogonalos;Taeniogonalos taihorina
ERR1308288:2075440.600483	4	Eukaryota;Acanthocephala;Eoacanthocephala;Gyracanthocephala;Quadrigyridae;Pallisentis;Pallisentis celatus
ERR1308288:2086970.641533	4	Eukaryota;Arthropoda;Malacostraca;Decapoda;Cambaridae;Orconectes;Orconectes harrisoni
ERR1308288:2110310.724121	4	Eukaryota;Arthropoda;Insecta;Lepidoptera;Nymphalidae;Lohora;Lohora imitatrix
ERR1308288:214880.629357	4	Eukaryota;Annelida;Polychaeta;Eunicida;Amphinomidae;Chloeia;Chloeia parva
ERR1308288:218690.761146	4	Eukaryota;Chordata;Ascidiacea;Stolidobranchia;Styelidae;Cnemidocarpa;Cnemidocarpa verrucosa
ERR1308288:2202560.656916	4	Eukaryota;Entoprocta;Loxosomatidae;Loxocorone;Loxocorone allax
ERR1308288:2288920.639642	4	Eukaryota;Annelida;Polychaeta;Eunicida;Amphinomidae;Chloeia;Chloeia parva
ERR1308288:233080.608928	4	Eukaryota;Annelida;Polychaeta;Eunicida;Amphinomidae;Chloeia;Chloeia parva
ERR1308288:2350450.668933	4	Eukaryota;Annelida;Polychaeta;Eunicida;Amphinomidae;Chloeia;Chloeia parva
ERR1308288:2402350.738427	4	Eukaryota;Arthropoda;Insecta;Hymenoptera;Braconidae;Phanerotoma;Phanerotoma flava
ERR1308288:2444110.652603	4	Eukaryota;Chordata;Ascidiacea;Stolidobranchia;Styelidae;Cnemidocarpa;Cnemidocarpa verrucosa
ERR1308288:2451550.672632	4	Eukaryota;Chordata;Ascidiacea;Stolidobranchia;Styelidae;Cnemidocarpa;Cnemidocarpa verrucosa
ERR1308288:2454320.645890	4	Eukaryota;Arthropoda;Maxillopoda;Cyclopoida;Cyclopidae;Thermocyclops;Thermocyclops crassus
ERR1308288:245530.600573	4	Eukaryota;Arthropoda;Insecta;Lepidoptera;Erebidae;Amata;Amata formosae
ERR1308288:253370.626617	4	Eukaryota;Arthropoda;Malacostraca;Decapoda;Cambaridae;Orconectes;Orconectes eupunctus
ERR1308288:2674390.710796	4	Eukaryota;Arthropoda;Insecta;Hymenoptera;Braconidae;Phanerotoma;Phanerotoma flava
ERR1308288:2772330.650217	4	Eukaryota;Annelida;Polychaeta;Eunicida;Amphinomidae;Chloeia;Chloeia parva
ERR1308288:2833350.607751	4	Eukaryota;Arthropoda;Insecta;Hymenoptera;Braconidae;Phanerotoma;Phanerotoma flava
ERR1308288:313220.693861	4	Eukaryota;Annelida;Polychaeta;Eunicida;Amphinomidae;Chloeia;Chloeia parva
ERR1308288:3691720.707888	4	Eukaryota;Arthropoda;Insecta;Hymenoptera;Trigonalidae;Taeniogonalos;Taeniogonalos taihorina
ERR1308288:3849180.612370	4	Eukaryota;Entoprocta;Loxosomatidae;Loxocorone;Loxocorone allax
ERR1308288:4673970.610142	4	Eukaryota;Arthropoda;Arachnida;Araneae;Cybaeidae;Cybaeus;Cybaeus hesper
ERR1308288:1000390.675647	3	Eukaryota;Arthropoda;Pycnogonida;Pantopoda;Ammotheidae;Achelia;Achelia bituberculata
ERR1308288:101540.645407	3	Eukaryota;Chordata;Ascidiacea;Stolidobranchia;Styelidae;Cnemidocarpa;Cnemidocarpa verrucosa
ERR1308288:1019520.631793	3	Eukaryota;Cnidaria;Anthozoa;Scleractinia;Mussidae;Mussa;Mussa angulosa
ERR1308288:1045060.611689	3	Eukaryota;Porifera;Demospongiae;Hadromerida;Tethyidae;Tethya;Tethya actinia
ERR1308288:1046600.646871	3	Eukaryota;Arthropoda;Insecta;Diptera;Muscidae;Lispe;Lispe orientalis
ERR1308288:1049610.628033	3	Eukaryota;Arthropoda;Insecta;Hymenoptera;Braconidae;Phanerotoma;Phanerotoma flava
ERR1308288:1076940.725455	3	Eukaryota;Chordata;Ascidiacea;Enterogona;Corellidae;Rhodosoma;Rhodosoma turcicum
ERR1308288:10780.658512	3	Eukaryota;Porifera;Demospongiae;Astrophorida;Geodiidae;Geodia;Geodia papyracea
ERR1308288:1142060.619305	3	Eukaryota;Arthropoda;Arachnida;Mesostigmata;Ameroseiidae;Neocypholaelaps;Neocypholaelaps apicola
ERR1308288:1150500.636340	3	Eukaryota;Mollusca;Gastropoda;Vertiginidae;Vertigo;Vertigo pusilla
ERR1308288:1158670.672558	3	Eukaryota;Nematoda;Chromadorea;Rhabditida;Protostrongylidae;Protostrongylus;Protostrongylus rufescens
ERR1308288:1159240.604264	3	Eukaryota;Arthropoda;Insecta;Lepidoptera;Papilionidae;Parides;Parides vertumnus
ERR1308288:116760.617914	3	Eukaryota;Annelida;Polychaeta;Eunicida;Amphinomidae;Chloeia;Chloeia parva
ERR1308288:1220630.628189	3	Eukaryota;Nematoda;Chromadorea;Rhabditida;Dictyocaulidae;Dictyocaulus;Dictyocaulus eckerti
ERR1308288:122440.646947	3	Eukaryota;Arthropoda;Malacostraca;Decapoda;Portunidae;Charybdis;Charybdis vadorum
ERR1308288:1226160.624332	3	Eukaryota;Cnidaria;Anthozoa;Scleractinia;Mussidae;Mussa;Mussa angulosa
ERR1308288:1229080.699807	3	Eukaryota;Chordata;Testudines;Kinosternidae;Sternotherus;Sternotherus carinatus
ERR1308288:1242920.685022	3	Eukaryota;Annelida;Polychaeta;Eunicida;Amphinomidae;Chloeia;Chloeia parva
ERR1308288:1243240.745059	3	Eukaryota;Annelida;Hirudinida;Arhynchobdellida;Haemadipsidae;Haemadipsa;Haemadipsa montana
ERR1308288:1247530.631860	3	Eukaryota;Annelida;Polychaeta;Sabellida;Serpulidae;Serpula;Serpula vermicularis
ERR1308288:1291180.616889	3	Eukaryota;Mollusca;Bivalvia;Veneroida;Mactridae;Lutraria;Lutraria rhynchaena
ERR1308288:1294350.697171	3	Eukaryota;Entoprocta;Loxosomatidae;Loxocorone;Loxocorone allax
ERR1308288:1310280.674171	3	Eukaryota;Cnidaria;Scyphozoa;Stauromedusae;Lucernariidae;Haliclystus;Haliclystus sanjuanensis
ERR1308288:1322890.647787	3	Eukaryota;Nematoda;Chromadorea;Ascaridida;Ascarididae;Baylisascaris;Baylisascaris ailuri
ERR1308288:1331490.678906	3	Eukaryota;Mollusca;Bivalvia;Veneroida;Galeommatidae;Galeomma;Galeomma turtoni
ERR1308288:1374480.612576	3	Eukaryota;Arthropoda;Malacostraca;Decapoda;Cambaridae;Orconectes;Orconectes shoupi
ERR1308288:1394710.749668	3	Eukaryota;Arthropoda;Insecta;Diptera;Drosophilidae;Drosophila;Drosophila asahinai
ERR1308288:1408200.659774	3	Eukaryota;Chordata;Ascidiacea;Stolidobranchia;Styelidae;Cnemidocarpa;Cnemidocarpa verrucosa
ERR1308288:1409340.600438	3	Eukaryota;Arthropoda;Insecta;Diptera;Drosophilidae;Phortica;Phortica sexpunctata
ERR1308288:1446430.696548	3	Eukaryota;Arthropoda;Arachnida;Ixodida;Ixodidae;Dermacentor;Dermacentor niveus
ERR1308288:1450000.690545	3	Eukaryota;Arthropoda;Insecta;Phthiraptera;Haematopinidae;Haematopinus;Haematopinus asini
ERR1308288:1455030.666184	3	Eukaryota;Chordata;Ascidiacea;Stolidobranchia;Styelidae;Cnemidocarpa;Cnemidocarpa verrucosa
ERR1308288:1476030.727644	3	Eukaryota;Arthropoda;Insecta;Hymenoptera;Braconidae;Phanerotoma;Phanerotoma flava
ERR1308288:1486600.614061	3	Eukaryota;Porifera;Demospongiae;Halichondrida;Axinellidae;Ptilocaulis;Ptilocaulis walpersi
ERR1308288:149430.646534	3	Eukaryota;Arthropoda;Insecta;Lepidoptera;Erebidae;Amata;Amata formosae
ERR1308288:1519660.627571	3	Eukaryota;Annelida;Polychaeta;Eunicida;Amphinomidae;Chloeia;Chloeia parva
ERR1308288:1556510.619599	3	Eukaryota;Arthropoda;Malacostraca;Decapoda;Portunidae;Charybdis;Charybdis vadorum
ERR1308288:157160.712620	3	Eukaryota;Annelida;Polychaeta;Eunicida;Amphinomidae;Chloeia;Chloeia parva
ERR1308288:1597210.608760	3	Eukaryota;Cnidaria;Anthozoa;Alcyonacea;Nephtheidae;Scleronephthya;Scleronephthya gracillimum
ERR1308288:1602250.672840	3	Eukaryota;Porifera;Demospongiae;Hadromerida;Suberitidae;Terpios;Terpios hoshinota
ERR1308288:1609550.735052	3	Eukaryota;Mollusca;Gastropoda;Vertiginidae;Vertigo;Vertigo pusilla
ERR1308288:1617450.610683	3	Eukaryota;Arthropoda;Insecta;Lepidoptera;Erebidae;Amata;Amata formosae
ERR1308288:1646110.646715	3	Eukaryota;Annelida;Polychaeta;Eunicida;Amphinomidae;Chloeia;Chloeia parva
ERR1308288:1711720.647799	3	Eukaryota;Annelida;Polychaeta;Eunicida;Amphinomidae;Chloeia;Chloeia parva
ERR1308288:1721880.618048	3	Eukaryota;Arthropoda;Malacostraca;Amphipoda;Ampithoe;Ampithoe dalli
ERR1308288:1729910.621446	3	Eukaryota;Annelida;Polychaeta;Eunicida;Amphinomidae;Chloeia;Chloeia parva
ERR1308288:1735190.633178	3	Eukaryota;Nematoda;Chromadorea;Rhabditida;Syngamidae;Syngamus;Syngamus trachea
ERR1308288:1794990.630469	3	Eukaryota;Entoprocta;Loxosomatidae;Loxosomella;Loxosomella aloxiata
ERR1308288:180770.697496	3	Eukaryota;Porifera;Demospongiae;Halichondrida;Axinellidae;Ptilocaulis;Ptilocaulis walpersi
ERR1308288:1825800.662797	3	Eukaryota;Porifera;Demospongiae;Hadromerida;Tethyidae;Tethya;Tethya californiana
ERR1308288:1892640.642686	3	Eukaryota;Nematoda;Chromadorea;Rhabditida;Dictyocaulidae;Dictyocaulus;Dictyocaulus eckerti
ERR1308288:1893300.604894	3	Eukaryota;Arthropoda;Insecta;Lepidoptera;Nymphalidae;Lohora;Lohora imitatrix
ERR1308288:1900690.673001	3	Eukaryota;Cnidaria;Anthozoa;Scleractinia;Mussidae;Mussa;Mussa angulosa
ERR1308288:1904100.622411	3	Eukaryota;Chordata;Ascidiacea;Stolidobranchia;Styelidae;Cnemidocarpa;Cnemidocarpa verrucosa
ERR1308288:1946490.684826	3	Eukaryota;Arthropoda;Malacostraca;Decapoda;Cambaridae;Orconectes;Orconectes peruncus
ERR1308288:1949580.647754	3	Eukaryota;Annelida;Polychaeta;Eunicida;Amphinomidae;Chloeia;Chloeia parva
ERR1308288:1962650.609408	3	Eukaryota;Cnidaria;Anthozoa;Alcyonacea;Plexauridae;Euplexaura;Euplexaura crassa
ERR1308288:1971350.724336	3	Eukaryota;Arthropoda;Insecta;Phthiraptera;Polyplacidae;Polyplax;Polyplax asiatica
ERR1308288:2003770.618714	3	Eukaryota;Mollusca;Gastropoda;Lottiidae;Lottia;Lottia strigatella
ERR1308288:202300.653442	3	Eukaryota;Platyhelminthes;Cestoda;Tetraphyllidea;Onchobothriidae;Pachybothrium;Pachybothrium hutsoni
ERR1308288:2088280.747576	3	Eukaryota;Arthropoda;Insecta;Diptera;Mycetophilidae;Mycetophila;Mycetophila lunata
ERR1308288:2091720.635704	3	Eukaryota;Annelida;Polychaeta;Eunicida;Amphinomidae;Chloeia;Chloeia parva
ERR1308288:2213200.658466	3	Eukaryota;Arthropoda;Malacostraca;Decapoda;Cambaridae;Orconectes;Orconectes quadruncus
ERR1308288:2246220.625473	3	Eukaryota;Arthropoda;Malacostraca;Amphipoda;Ampithoe;Ampithoe dalli
ERR1308288:2250970.618148	3	Eukaryota;Annelida;Polychaeta;Eunicida;Amphinomidae;Chloeia;Chloeia parva
ERR1308288:2261830.614823	3	Eukaryota;Entoprocta;Loxosomatidae;Loxocorone;Loxocorone allax
ERR1308288:2272440.752601	3	Eukaryota;Arthropoda;Insecta;Hymenoptera;Trigonalidae;Taeniogonalos;Taeniogonalos taihorina
ERR1308288:2309240.640987	3	Eukaryota;Chordata;Amphibia;Gymnophiona;Dermophiidae;Schistometopum;Schistometopum thomense
ERR1308288:232560.689342	3	Eukaryota;Chordata;Ascidiacea;Stolidobranchia;Styelidae;Cnemidocarpa;Cnemidocarpa verrucosa
ERR1308288:2375870.728960	3	Eukaryota;Arthropoda;Arachnida;Mesostigmata;Ameroseiidae;Neocypholaelaps;Neocypholaelaps apicola
ERR1308288:2379120.715247	3	Eukaryota;Annelida;Polychaeta;Eunicida;Amphinomidae;Chloeia;Chloeia parva
ERR1308288:2388960.674446	3	Eukaryota;Arthropoda;Insecta;Diptera;Drosophilidae;Drosophila;Drosophila nappae
ERR1308288:2448580.652975	3	Eukaryota;Nematoda;Chromadorea;Spirurida;Onchocercidae;Onchocerca;Onchocerca flexuosa
ERR1308288:249650.641783	3	Eukaryota;Annelida;Polychaeta;Eunicida;Amphinomidae;Chloeia;Chloeia parva
ERR1308288:2539650.706499	3	Eukaryota;Annelida;Polychaeta;Eunicida;Amphinomidae;Chloeia;Chloeia parva
ERR1308288:2545240.620424	3	Eukaryota;Annelida;Polychaeta;Sabellida;Serpulidae;Serpula;Serpula vermicularis
ERR1308288:2558690.678841	3	Eukaryota;Annelida;Polychaeta;Eunicida;Amphinomidae;Chloeia;Chloeia parva
ERR1308288:2561660.611066	3	Eukaryota;Cnidaria;Anthozoa;Alcyonacea;Isididae;Acanella;Acanella eburnea
ERR1308288:2567270.675826	3	Eukaryota;Porifera;Demospongiae;Hadromerida;Tethyidae;Tethya;Tethya actinia
ERR1308288:2595940.626542	3	Eukaryota;Arthropoda;Malacostraca;Decapoda;Portunidae;Charybdis;Charybdis vadorum
ERR1308288:2693970.632715	3	Eukaryota;Cnidaria;Hydrozoa;Siphonophorae;Apolemiidae;Apolemia;Apolemia lanosa
ERR1308288:269990.722895	3	Eukaryota;Arthropoda;Malacostraca;Decapoda;Cambaridae;Orconectes;Orconectes carolinensis
ERR1308288:2712140.741031	3	Eukaryota;Arthropoda;Insecta;Hemiptera;Aleyrodidae;Vasdavidius;Vasdavidius concursus
ERR1308288:2750200.628811	3	Eukaryota;Nemertea;Enopla;Monostilifera;Prosorhochmidae;Prosadenoporus;Prosadenoporus spectaculum
ERR1308288:2774580.604053	3	Eukaryota;Nematoda;Chromadorea;Rhabditida;Protostrongylidae;Protostrongylus;Protostrongylus rufescens
ERR1308288:2836890.728860	3	Eukaryota;Annelida;Polychaeta;Sabellida;Serpulidae;Protula;Protula pacifica
ERR1308288:2845460.644089	3	Eukaryota;Rotifera;Monogononta;Ploima;Synchaetidae;Polyarthra;Polyarthra dolichoptera
ERR1308288:2848580.630978	3	Eukaryota;Arthropoda;Insecta;Diptera;Drosophilidae;Drosophila;Drosophila nappae
ERR1308288:2872140.724475	3	Eukaryota;Annelida;Polychaeta;Eunicida;Amphinomidae;Chloeia;Chloeia parva
ERR1308288:2893130.661589	3	Eukaryota;Nematoda;Chromadorea;Rhabditida;Filaroididae;Parafilaroides;Parafilaroides normani
ERR1308288:2955910.697621	3	Eukaryota;Annelida;Polychaeta;Eunicida;Amphinomidae;Chloeia;Chloeia parva
ERR1308288:3021540.635324	3	Eukaryota;Chordata;Ascidiacea;Stolidobranchia;Styelidae;Cnemidocarpa;Cnemidocarpa verrucosa
ERR1308288:3035110.729494	3	Eukaryota;Cnidaria;Anthozoa;Scleractinia;Acroporidae;Acropora;Acropora florida
ERR1308288:3087590.652837	3	Eukaryota;Entoprocta;Loxosomatidae;Loxosomella;Loxosomella aloxiata
ERR1308288:3203410.667647	3	Eukaryota;Annelida;Polychaeta;Eunicida;Amphinomidae;Chloeia;Chloeia parva
ERR1308288:3358620.655423	3	Eukaryota;Nematoda;Chromadorea;Rhabditida;Strongylidae;Macropicola;Macropicola ocydromi
ERR1308288:336640.743644	3	Eukaryota;Arthropoda;Insecta;Lepidoptera;Erebidae;Amata;Amata formosae
ERR1308288:3426650.747024	3	Eukaryota;Arthropoda;Insecta;Hymenoptera;Trigonalidae;Taeniogonalos;Taeniogonalos taihorina
ERR1308288:3450340.615479	3	Eukaryota;Arthropoda;Insecta;Lepidoptera;Papilionidae;Parides;Parides vertumnus
ERR1308288:3547230.657190	3	Eukaryota;Arthropoda;Insecta;Coleoptera;Scarabaeidae;Protaetia;Protaetia aurichalcea
ERR1308288:3580390.688966	3	Eukaryota;Annelida;Lumbriculida;Lumbriculidae;Teleuscolex;Teleuscolex korotneffi
ERR1308288:3582140.605964	3	Eukaryota;Arthropoda;Insecta;Hymenoptera;Braconidae;Phanerotoma;Phanerotoma flava
ERR1308288:3589560.602983	3	Eukaryota;Arthropoda;Malacostraca;Decapoda;Portunidae;Charybdis;Charybdis vadorum
ERR1308288:3620560.647372	3	Eukaryota;Annelida;Polychaeta;Eunicida;Amphinomidae;Chloeia;Chloeia parva
ERR1308288:3668470.621780	3	Eukaryota;Nematoda;Chromadorea;Rhabditida;Dictyocaulidae;Dictyocaulus;Dictyocaulus eckerti
ERR1308288:3726950.622537	3	Eukaryota;Annelida;Polychaeta;Eunicida;Amphinomidae;Chloeia;Chloeia parva
ERR1308288:3780310.709301	3	Eukaryota;Arthropoda;Insecta;Hymenoptera;Braconidae;Phanerotoma;Phanerotoma flava
ERR1308288:3935180.616002	3	Eukaryota;Arthropoda;Malacostraca;Decapoda;Portunidae;Charybdis;Charybdis vadorum
ERR1308288:3958150.637221	3	Eukaryota;Acanthocephala;Eoacanthocephala;Gyracanthocephala;Quadrigyridae;Pallisentis;Pallisentis celatus
ERR1308288:3999420.723525	3	Eukaryota;Arthropoda;Malacostraca;Decapoda;Cambaridae;Orconectes;Orconectes carolinensis
ERR1308288:4237420.605606	3	Eukaryota;Annelida;Polychaeta;Eunicida;Amphinomidae;Chloeia;Chloeia parva
